episode,reward,length,epsilon,lr,eval_reward
1,33.0,34,0.99,0.03,
2,35.0,36,0.9801,0.03,
3,26.0,27,0.9702989999999999,0.03,
4,13.0,14,0.96059601,0.03,
5,9.0,10,0.9509900498999999,0.03,
6,32.0,33,0.9414801494009999,0.03,
7,42.0,43,0.9320653479069899,0.03,
8,28.0,29,0.92274469442792,0.03,
9,15.0,16,0.9135172474836407,0.03,
10,27.0,28,0.9043820750088043,0.03,
11,8.0,9,0.8953382542587163,0.03,
12,9.0,10,0.8863848717161291,0.03,
13,27.0,28,0.8775210229989678,0.03,
14,27.0,28,0.8687458127689781,0.03,
15,21.0,22,0.8600583546412883,0.03,
16,13.0,14,0.8514577710948754,0.03,
17,22.0,23,0.8429431933839266,0.03,
18,16.0,17,0.8345137614500874,0.03,
19,10.0,11,0.8261686238355865,0.03,
20,16.0,17,0.8179069375972307,0.03,21.2
21,13.0,14,0.8097278682212583,0.03,
22,19.0,20,0.8016305895390458,0.03,
23,65.0,66,0.7936142836436553,0.03,
24,22.0,23,0.7856781408072188,0.03,
25,13.0,14,0.7778213593991465,0.03,
26,32.0,33,0.7700431458051551,0.03,
27,32.0,33,0.7623427143471035,0.03,
28,17.0,18,0.7547192872036325,0.03,
29,20.0,21,0.7471720943315961,0.03,
30,11.0,12,0.7397003733882802,0.03,
31,22.0,23,0.7323033696543974,0.03,
32,27.0,28,0.7249803359578534,0.03,
33,20.0,21,0.7177305325982748,0.03,
34,32.0,33,0.7105532272722921,0.03,
35,55.0,56,0.7034476949995692,0.03,
36,13.0,14,0.6964132180495735,0.03,
37,11.0,12,0.6894490858690777,0.03,
38,45.0,46,0.682554595010387,0.03,
39,10.0,11,0.6757290490602831,0.03,
40,18.0,19,0.6689717585696803,0.03,23.9
41,25.0,26,0.6622820409839835,0.03,
42,11.0,12,0.6556592205741436,0.03,
43,20.0,21,0.6491026283684022,0.03,
44,12.0,13,0.6426116020847181,0.03,
45,27.0,28,0.6361854860638709,0.03,
46,13.0,14,0.6298236312032323,0.03,
47,16.0,17,0.6235253948912,0.03,
48,24.0,25,0.617290140942288,0.03,
49,24.0,25,0.6111172395328651,0.03,
50,20.0,21,0.6050060671375365,0.03,
51,25.0,26,0.5989560064661611,0.03,
52,37.0,38,0.5929664464014994,0.03,
53,11.0,12,0.5870367819374844,0.03,
54,31.0,32,0.5811664141181095,0.03,
55,26.0,27,0.5753547499769285,0.03,
56,35.0,36,0.5696012024771592,0.03,
57,21.0,22,0.5639051904523876,0.03,
58,51.0,52,0.5582661385478638,0.03,
59,35.0,36,0.5526834771623851,0.03,
60,68.0,69,0.5471566423907612,0.03,27.9
61,29.0,30,0.5416850759668536,0.03,
62,18.0,19,0.536268225207185,0.03,
63,46.0,47,0.5309055429551132,0.03,
64,10.0,11,0.525596487525562,0.03,
65,36.0,37,0.5203405226503064,0.03,
66,54.0,55,0.5151371174238033,0.03,
67,51.0,52,0.5099857462495653,0.03,
68,21.0,22,0.5048858887870696,0.03,
69,20.0,21,0.4998370298991989,0.03,
70,8.0,9,0.49483865960020695,0.03,
71,49.0,50,0.4898902730042049,0.03,
72,18.0,19,0.48499137027416284,0.03,
73,33.0,34,0.4801414565714212,0.03,
74,46.0,47,0.475340042005707,0.03,
75,19.0,20,0.47058664158564995,0.03,
76,20.0,21,0.4658807751697934,0.03,
77,18.0,19,0.4612219674180955,0.03,
78,31.0,32,0.45660974774391455,0.03,
79,45.0,46,0.4520436502664754,0.03,
80,23.0,24,0.44752321376381066,0.03,32.8
81,12.0,13,0.44304798162617254,0.03,
82,61.0,62,0.4386175018099108,0.03,
83,18.0,19,0.4342313267918117,0.03,
84,40.0,41,0.4298890135238936,0.03,
85,24.0,25,0.42559012338865465,0.03,
86,10.0,11,0.4213342221547681,0.03,
87,58.0,59,0.41712087993322045,0.03,
88,17.0,18,0.41294967113388825,0.03,
89,24.0,25,0.40882017442254937,0.03,
90,25.0,26,0.4047319726783239,0.03,
91,31.0,32,0.40068465295154065,0.03,
92,18.0,19,0.39667780642202527,0.03,
93,13.0,14,0.392711028357805,0.03,
94,41.0,42,0.38878391807422696,0.03,
95,63.0,64,0.3848960788934847,0.03,
96,37.0,38,0.38104711810454983,0.03,
97,30.0,31,0.37723664692350434,0.03,
98,17.0,18,0.37346428045426927,0.03,
99,38.0,39,0.36972963764972655,0.03,
100,44.0,45,0.36603234127322926,0.03,34.5
101,49.0,50,0.36237201786049694,0.03,
102,17.0,18,0.358748297681892,0.03,
103,11.0,12,0.35516081470507305,0.03,
104,23.0,24,0.3516092065580223,0.03,
105,36.0,37,0.34809311449244207,0.03,
106,39.0,40,0.34461218334751764,0.03,
107,19.0,20,0.34116606151404244,0.03,
108,63.0,64,0.337754400898902,0.03,
109,43.0,44,0.334376856889913,0.03,
110,28.0,29,0.33103308832101386,0.03,
111,33.0,34,0.3277227574378037,0.03,
112,23.0,24,0.3244455298634257,0.03,
113,34.0,35,0.3212010745647914,0.03,
114,43.0,44,0.3179890638191435,0.03,
115,12.0,13,0.31480917318095203,0.03,
116,15.0,16,0.3116610814491425,0.03,
117,15.0,16,0.30854447063465107,0.03,
118,16.0,17,0.30545902592830454,0.03,
119,10.0,11,0.3024044356690215,0.03,
120,13.0,14,0.29938039131233124,0.03,52.0
121,29.0,30,0.2963865873992079,0.03,
122,28.0,29,0.29342272152521587,0.03,
123,34.0,35,0.2904884943099637,0.03,
124,20.0,21,0.28758360936686406,0.03,
125,31.0,32,0.2847077732731954,0.03,
126,37.0,38,0.28186069554046345,0.03,
127,25.0,26,0.2790420885850588,0.03,
128,43.0,44,0.2762516676992082,0.03,
129,19.0,20,0.27348915102221616,0.03,
130,19.0,20,0.270754259511994,0.03,
131,15.0,16,0.26804671691687404,0.03,
132,19.0,20,0.2653662497477053,0.03,
133,83.0,84,0.2627125872502282,0.03,
134,39.0,40,0.2600854613777259,0.03,
135,39.0,40,0.2574846067639487,0.03,
136,27.0,28,0.2549097606963092,0.03,
137,42.0,43,0.2523606630893461,0.03,
138,23.0,24,0.24983705645845267,0.03,
139,45.0,46,0.24733868589386815,0.03,
140,25.0,26,0.24486529903492946,0.03,39.0
141,20.0,21,0.24241664604458016,0.03,
142,79.0,80,0.23999247958413436,0.03,
143,25.0,26,0.23759255478829303,0.03,
144,28.0,29,0.2352166292404101,0.03,
145,67.0,68,0.232864462948006,0.03,
146,32.0,33,0.23053581831852593,0.03,
147,23.0,24,0.22823046013534068,0.03,
148,30.0,31,0.22594815553398728,0.03,
149,16.0,17,0.22368867397864742,0.03,
150,47.0,48,0.22145178723886094,0.03,
151,34.0,35,0.21923726936647234,0.03,
152,32.0,33,0.2170448966728076,0.03,
153,46.0,47,0.21487444770607952,0.03,
154,25.0,26,0.21272570322901874,0.03,
155,25.0,26,0.21059844619672854,0.03,
156,20.0,21,0.20849246173476127,0.03,
157,40.0,41,0.20640753711741366,0.03,
158,40.0,41,0.20434346174623952,0.03,
159,65.0,66,0.20230002712877712,0.03,
160,30.0,31,0.20027702685748935,0.03,36.9
161,19.0,20,0.19827425658891445,0.03,
162,80.0,81,0.1962915140230253,0.03,
163,31.0,32,0.19432859888279505,0.03,
164,32.0,33,0.1923853128939671,0.03,
165,22.0,23,0.19046145976502743,0.03,
166,23.0,24,0.18855684516737714,0.03,
167,62.0,63,0.18667127671570335,0.03,
168,24.0,25,0.18480456394854633,0.03,
169,52.0,53,0.18295651830906087,0.03,
170,19.0,20,0.18112695312597027,0.03,
171,12.0,13,0.17931568359471056,0.03,
172,33.0,34,0.17752252675876345,0.03,
173,36.0,37,0.17574730149117582,0.03,
174,21.0,22,0.17398982847626407,0.03,
175,27.0,28,0.17224993019150142,0.03,
176,27.0,28,0.1705274308895864,0.03,
177,21.0,22,0.16882215658069055,0.03,
178,56.0,57,0.16713393501488363,0.03,
179,35.0,36,0.16546259566473479,0.03,
180,46.0,47,0.16380796970808745,0.03,38.8
181,40.0,41,0.16216989001100657,0.03,
182,38.0,39,0.1605481911108965,0.03,
183,47.0,48,0.15894270919978754,0.03,
184,21.0,22,0.15735328210778965,0.03,
185,40.0,41,0.15577974928671176,0.03,
186,33.0,34,0.15422195179384465,0.03,
187,40.0,41,0.1526797322759062,0.03,
188,42.0,43,0.15115293495314713,0.03,
189,36.0,37,0.14964140560361566,0.03,
190,50.0,51,0.1481449915475795,0.03,
191,25.0,26,0.1466635416321037,0.03,
192,40.0,41,0.14519690621578268,0.03,
193,20.0,21,0.14374493715362485,0.03,
194,62.0,63,0.1423074877820886,0.03,
195,36.0,37,0.1408844129042677,0.03,
196,35.0,36,0.13947556877522502,0.03,
197,65.0,66,0.13808081308747278,0.03,
198,62.0,63,0.13670000495659804,0.03,
199,56.0,57,0.13533300490703207,0.03,
200,61.0,62,0.13397967485796175,0.03,52.1
201,40.0,41,0.13263987810938213,0.03,
202,27.0,28,0.1313134793282883,0.03,
203,18.0,19,0.13000034453500542,0.03,
204,60.0,61,0.12870034108965536,0.03,
205,58.0,59,0.12741333767875881,0.03,
206,30.0,31,0.12613920430197123,0.03,
207,31.0,32,0.12487781225895152,0.03,
208,48.0,49,0.123629034136362,0.03,
209,32.0,33,0.12239274379499838,0.03,
210,24.0,25,0.1211688163570484,0.03,
211,24.0,25,0.11995712819347792,0.03,
212,18.0,19,0.11875755691154315,0.03,
213,70.0,71,0.11756998134242772,0.03,
214,17.0,18,0.11639428152900344,0.03,
215,15.0,16,0.11523033871371341,0.03,
216,57.0,58,0.11407803532657627,0.03,
217,41.0,42,0.11293725497331052,0.03,
218,33.0,34,0.1118078824235774,0.03,
219,59.0,60,0.11068980359934164,0.03,
220,42.0,43,0.10958290556334822,0.03,36.5
221,54.0,55,0.10848707650771475,0.03,
222,17.0,18,0.1074022057426376,0.03,
223,29.0,30,0.10632818368521123,0.03,
224,10.0,11,0.10526490184835911,0.03,
225,21.0,22,0.10421225282987552,0.03,
226,40.0,41,0.10317013030157676,0.03,
227,67.0,68,0.10213842899856099,0.03,
228,43.0,44,0.10111704470857538,0.03,
229,69.0,70,0.10010587426148963,0.03,
230,21.0,22,0.09910481551887473,0.03,
231,64.0,65,0.09811376736368599,0.03,
232,27.0,28,0.09713262969004913,0.03,
233,21.0,22,0.09616130339314863,0.03,
234,36.0,37,0.09519969035921715,0.03,
235,57.0,58,0.09424769345562498,0.03,
236,64.0,65,0.09330521652106873,0.03,
237,65.0,66,0.09237216435585804,0.03,
238,29.0,30,0.09144844271229946,0.03,
239,21.0,22,0.09053395828517646,0.03,
240,18.0,19,0.08962861870232469,0.03,52.1
241,48.0,49,0.08873233251530144,0.03,
242,73.0,74,0.08784500919014843,0.03,
243,18.0,19,0.08696655909824694,0.03,
244,46.0,47,0.08609689350726446,0.03,
245,62.0,63,0.08523592457219181,0.03,
246,49.0,50,0.0843835653264699,0.03,
247,58.0,59,0.0835397296732052,0.03,
248,51.0,52,0.08270433237647315,0.03,
249,36.0,37,0.08187728905270841,0.03,
250,17.0,18,0.08105851616218133,0.03,
251,40.0,41,0.08024793100055952,0.03,
252,41.0,42,0.07944545169055392,0.03,
253,26.0,27,0.07865099717364837,0.03,
254,44.0,45,0.07786448720191189,0.03,
255,11.0,12,0.07708584232989277,0.03,
256,70.0,71,0.07631498390659384,0.03,
257,58.0,59,0.07555183406752791,0.03,
258,18.0,19,0.07479631572685264,0.03,
259,60.0,61,0.07404835256958411,0.03,
260,46.0,47,0.07330786904388827,0.03,43.0
261,77.0,78,0.07257479035344938,0.03,
262,18.0,19,0.07184904244991488,0.03,
263,68.0,69,0.07113055202541574,0.03,
264,62.0,63,0.07041924650516158,0.03,
265,41.0,42,0.06971505404010997,0.03,
266,43.0,44,0.06901790349970886,0.03,
267,57.0,58,0.06832772446471178,0.03,
268,25.0,26,0.06764444722006466,0.03,
269,37.0,38,0.066968002747864,0.03,
270,52.0,53,0.06629832272038537,0.03,
271,17.0,18,0.06563533949318151,0.03,
272,66.0,67,0.06497898609824969,0.03,
273,54.0,55,0.0643291962372672,0.03,
274,46.0,47,0.06368590427489453,0.03,
275,18.0,19,0.06304904523214558,0.03,
276,69.0,70,0.06241855477982412,0.03,
277,45.0,46,0.06179436923202588,0.03,
278,27.0,28,0.06117642553970562,0.03,
279,44.0,45,0.06056466128430856,0.03,
280,19.0,20,0.05995901467146548,0.03,49.6
281,43.0,44,0.05935942452475082,0.03,
282,33.0,34,0.058765830279503314,0.03,
283,76.0,77,0.05817817197670828,0.03,
284,53.0,54,0.057596390256941195,0.03,
285,78.0,79,0.05702042635437178,0.03,
286,20.0,21,0.05645022209082806,0.03,
287,20.0,21,0.05588571986991978,0.03,
288,25.0,26,0.055326862671220584,0.03,
289,84.0,85,0.05477359404450838,0.03,
290,11.0,12,0.054225858104063294,0.03,
291,39.0,40,0.05368359952302266,0.03,
292,53.0,54,0.053146763527792434,0.03,
293,25.0,26,0.052615295892514506,0.03,
294,20.0,21,0.052089142933589364,0.03,
295,36.0,37,0.05156825150425347,0.03,
296,18.0,19,0.051052568989210935,0.03,
297,85.0,86,0.05054204329931883,0.03,
298,42.0,43,0.05003662286632564,0.03,
299,15.0,16,0.04953625663766238,0.03,
300,59.0,60,0.04904089407128576,0.03,40.8
301,32.0,33,0.0485504851305729,0.03,
302,60.0,61,0.048064980279267165,0.03,
303,63.0,64,0.04758433047647449,0.03,
304,62.0,63,0.04710848717170975,0.03,
305,38.0,39,0.04663740229999265,0.03,
306,43.0,44,0.04617102827699272,0.03,
307,52.0,53,0.045709317994222794,0.03,
308,18.0,19,0.04525222481428057,0.03,
309,80.0,81,0.04479970256613776,0.03,
310,67.0,68,0.04435170554047638,0.03,
311,26.0,27,0.043908188485071616,0.03,
312,39.0,40,0.0434691066002209,0.03,
313,59.0,60,0.04303441553421869,0.03,
314,18.0,19,0.0426040713788765,0.03,
315,26.0,27,0.04217803066508773,0.03,
316,51.0,52,0.04175625035843686,0.03,
317,21.0,22,0.041338687854852486,0.03,
318,44.0,45,0.04092530097630396,0.03,
319,39.0,40,0.040516047966540916,0.03,
320,63.0,64,0.04011088748687551,0.03,47.6
321,73.0,74,0.03970977861200675,0.03,
322,37.0,38,0.03931268082588668,0.03,
323,56.0,57,0.03891955401762781,0.03,
324,39.0,40,0.03853035847745153,0.03,
325,60.0,61,0.03814505489267701,0.03,
326,56.0,57,0.03776360434375024,0.03,
327,29.0,30,0.03738596830031274,0.03,
328,38.0,39,0.03701210861730961,0.03,
329,46.0,47,0.03664198753113651,0.03,
330,21.0,22,0.036275567655825146,0.03,
331,31.0,32,0.03591281197926689,0.03,
332,64.0,65,0.035553683859474224,0.03,
333,51.0,52,0.03519814702087948,0.03,
334,53.0,54,0.03484616555067068,0.03,
335,54.0,55,0.034497703895163975,0.03,
336,41.0,42,0.03415272685621234,0.03,
337,40.0,41,0.03381119958765021,0.03,
338,40.0,41,0.03347308759177371,0.03,
339,21.0,22,0.03313835671585597,0.03,
340,23.0,24,0.03280697314869741,0.03,40.2
341,70.0,71,0.032478903417210436,0.03,
342,41.0,42,0.032154114383038335,0.03,
343,41.0,42,0.03183257323920795,0.03,
344,45.0,46,0.03151424750681587,0.03,
345,66.0,67,0.03119910503174771,0.03,
346,72.0,73,0.030887113981430233,0.03,
347,20.0,21,0.03057824284161593,0.03,
348,68.0,69,0.03027246041319977,0.03,
349,61.0,62,0.029969735809067772,0.03,
350,50.0,51,0.029670038450977095,0.03,
351,21.0,22,0.029373338066467324,0.03,
352,53.0,54,0.02907960468580265,0.03,
353,36.0,37,0.028788808638944622,0.03,
354,57.0,58,0.028500920552555174,0.03,
355,67.0,68,0.028215911347029624,0.03,
356,85.0,86,0.027933752233559327,0.03,
357,50.0,51,0.027654414711223735,0.03,
358,70.0,71,0.027377870564111496,0.03,
359,70.0,71,0.027104091858470382,0.03,
360,53.0,54,0.026833050939885677,0.03,58.8
361,18.0,19,0.02656472043048682,0.03,
362,23.0,24,0.02629907322618195,0.03,
363,66.0,67,0.026036082493920133,0.03,
364,41.0,42,0.02577572166898093,0.03,
365,58.0,59,0.025517964452291122,0.03,
366,59.0,60,0.02526278480776821,0.03,
367,24.0,25,0.025010156959690527,0.03,
368,27.0,28,0.02476005539009362,0.03,
369,58.0,59,0.024512454836192684,0.03,
370,40.0,41,0.024267330287830756,0.03,
371,65.0,66,0.024024656984952448,0.03,
372,33.0,34,0.023784410415102923,0.03,
373,50.0,51,0.023546566310951894,0.03,
374,22.0,23,0.023311100647842375,0.03,
375,73.0,74,0.02307798964136395,0.03,
376,21.0,22,0.022847209744950314,0.03,
377,71.0,72,0.02261873764750081,0.03,
378,58.0,59,0.022392550271025803,0.03,
379,19.0,20,0.022168624768315544,0.03,
380,25.0,26,0.02194693852063239,0.03,52.0
381,83.0,84,0.021727469135426065,0.03,
382,81.0,82,0.021510194444071803,0.03,
383,64.0,65,0.021295092499631085,0.03,
384,57.0,58,0.021082141574634772,0.03,
385,56.0,57,0.020871320158888425,0.03,
386,74.0,75,0.020662606957299542,0.03,
387,37.0,38,0.020455980887726547,0.03,
388,70.0,71,0.02025142107884928,0.03,
389,76.0,77,0.020048906868060788,0.03,
390,58.0,59,0.01984841779938018,0.03,
391,47.0,48,0.019649933621386378,0.03,
392,83.0,84,0.019453434285172513,0.03,
393,54.0,55,0.019258899942320787,0.03,
394,43.0,44,0.01906631094289758,0.03,
395,49.0,50,0.018875647833468602,0.03,
396,34.0,35,0.018686891355133916,0.03,
397,71.0,72,0.018500022441582577,0.03,
398,38.0,39,0.01831502221716675,0.03,
399,29.0,30,0.018131871994995084,0.03,
400,59.0,60,0.017950553275045134,0.03,47.7
401,67.0,68,0.017771047742294682,0.03,
402,21.0,22,0.017593337264871736,0.03,
403,91.0,92,0.01741740389222302,0.03,
404,26.0,27,0.01724322985330079,0.03,
405,40.0,41,0.017070797554767782,0.03,
406,73.0,74,0.016900089579220106,0.03,
407,38.0,39,0.016731088683427906,0.03,
408,64.0,65,0.016563777796593626,0.03,
409,64.0,65,0.016398140018627688,0.03,
410,23.0,24,0.01623415861844141,0.03,
411,26.0,27,0.016071817032256998,0.03,
412,32.0,33,0.01591109886193443,0.03,
413,21.0,22,0.015751987873315085,0.03,
414,17.0,18,0.015594467994581935,0.03,
415,19.0,20,0.015438523314636115,0.03,
416,64.0,65,0.015284138081489753,0.03,
417,28.0,29,0.015131296700674856,0.03,
418,59.0,60,0.014979983733668108,0.03,
419,52.0,53,0.014830183896331426,0.03,
420,50.0,51,0.014681882057368112,0.03,55.8
421,34.0,35,0.01453506323679443,0.03,
422,46.0,47,0.014389712604426485,0.03,
423,77.0,78,0.01424581547838222,0.03,
424,46.0,47,0.014103357323598397,0.03,
425,48.0,49,0.013962323750362413,0.03,
426,72.0,73,0.013822700512858789,0.03,
427,50.0,51,0.0136844735077302,0.03,
428,53.0,54,0.013547628772652899,0.03,
429,64.0,65,0.01341215248492637,0.03,
430,44.0,45,0.013278030960077106,0.03,
431,50.0,51,0.013145250650476335,0.03,
432,60.0,61,0.01301379814397157,0.03,
433,26.0,27,0.012883660162531854,0.03,
434,33.0,34,0.012754823560906535,0.03,
435,51.0,52,0.01262727532529747,0.03,
436,49.0,50,0.012501002572044496,0.03,
437,49.0,50,0.01237599254632405,0.03,
438,58.0,59,0.01225223262086081,0.03,
439,89.0,90,0.012129710294652202,0.03,
440,46.0,47,0.01200841319170568,0.03,40.2
441,39.0,40,0.011888329059788623,0.03,
442,72.0,73,0.011769445769190737,0.03,
443,40.0,41,0.01165175131149883,0.03,
444,54.0,55,0.011535233798383842,0.03,
445,61.0,62,0.011419881460400004,0.03,
446,44.0,45,0.011305682645796004,0.03,
447,54.0,55,0.011192625819338045,0.03,
448,46.0,47,0.011080699561144665,0.03,
449,65.0,66,0.010969892565533218,0.03,
450,36.0,37,0.010860193639877886,0.03,
451,53.0,54,0.010751591703479106,0.03,
452,36.0,37,0.010644075786444315,0.03,
453,38.0,39,0.010537635028579873,0.03,
454,56.0,57,0.010432258678294073,0.03,
455,69.0,70,0.010327936091511133,0.03,
456,57.0,58,0.010224656730596022,0.03,
457,65.0,66,0.01012241016329006,0.03,
458,62.0,63,0.01002118606165716,0.03,
459,60.0,61,0.01,0.03,
460,72.0,73,0.01,0.03,51.8
461,23.0,24,0.01,0.03,
462,21.0,22,0.01,0.03,
463,63.0,64,0.01,0.03,
464,86.0,87,0.01,0.03,
465,47.0,48,0.01,0.03,
466,19.0,20,0.01,0.03,
467,77.0,78,0.01,0.03,
468,52.0,53,0.01,0.03,
469,27.0,28,0.01,0.03,
470,45.0,46,0.01,0.03,
471,49.0,50,0.01,0.03,
472,51.0,52,0.01,0.03,
473,60.0,61,0.01,0.03,
474,54.0,55,0.01,0.03,
475,49.0,50,0.01,0.03,
476,19.0,20,0.01,0.03,
477,25.0,26,0.01,0.03,
478,47.0,48,0.01,0.03,
479,42.0,43,0.01,0.03,
480,76.0,77,0.01,0.03,37.3
481,26.0,27,0.01,0.03,
482,80.0,81,0.01,0.03,
483,83.0,84,0.01,0.03,
484,21.0,22,0.01,0.03,
485,73.0,74,0.01,0.03,
486,66.0,67,0.01,0.03,
487,52.0,53,0.01,0.03,
488,57.0,58,0.01,0.03,
489,69.0,70,0.01,0.03,
490,17.0,18,0.01,0.03,
491,47.0,48,0.01,0.03,
492,76.0,77,0.01,0.03,
493,76.0,77,0.01,0.03,
494,68.0,69,0.01,0.03,
495,37.0,38,0.01,0.03,
496,71.0,72,0.01,0.03,
497,31.0,32,0.01,0.03,
498,59.0,60,0.01,0.03,
499,31.0,32,0.01,0.03,
500,52.0,53,0.01,0.03,47.3
501,71.0,72,0.01,0.03,
502,33.0,34,0.01,0.03,
503,68.0,69,0.01,0.03,
504,38.0,39,0.01,0.03,
505,17.0,18,0.01,0.03,
506,64.0,65,0.01,0.03,
507,73.0,74,0.01,0.03,
508,17.0,18,0.01,0.03,
509,34.0,35,0.01,0.03,
510,44.0,45,0.01,0.03,
511,43.0,44,0.01,0.03,
512,20.0,21,0.01,0.03,
513,59.0,60,0.01,0.03,
514,48.0,49,0.01,0.03,
515,20.0,21,0.01,0.03,
516,54.0,55,0.01,0.03,
517,76.0,77,0.01,0.03,
518,64.0,65,0.01,0.03,
519,51.0,52,0.01,0.03,
520,20.0,21,0.01,0.03,47.4
521,64.0,65,0.01,0.03,
522,23.0,24,0.01,0.03,
523,49.0,50,0.01,0.03,
524,73.0,74,0.01,0.03,
525,39.0,40,0.01,0.03,
526,29.0,30,0.01,0.03,
527,56.0,57,0.01,0.03,
528,55.0,56,0.01,0.03,
529,62.0,63,0.01,0.03,
530,21.0,22,0.01,0.03,
531,54.0,55,0.01,0.03,
532,57.0,58,0.01,0.03,
533,51.0,52,0.01,0.03,
534,78.0,79,0.01,0.03,
535,37.0,38,0.01,0.03,
536,55.0,56,0.01,0.03,
537,73.0,74,0.01,0.03,
538,52.0,53,0.01,0.03,
539,29.0,30,0.01,0.03,
540,75.0,76,0.01,0.03,42.1
541,25.0,26,0.01,0.03,
542,40.0,41,0.01,0.03,
543,47.0,48,0.01,0.03,
544,44.0,45,0.01,0.03,
545,28.0,29,0.01,0.03,
546,41.0,42,0.01,0.03,
547,48.0,49,0.01,0.03,
548,78.0,79,0.01,0.03,
549,43.0,44,0.01,0.03,
550,75.0,76,0.01,0.03,
551,64.0,65,0.01,0.03,
552,11.0,12,0.01,0.03,
553,44.0,45,0.01,0.03,
554,59.0,60,0.01,0.03,
555,36.0,37,0.01,0.03,
556,47.0,48,0.01,0.03,
557,48.0,49,0.01,0.03,
558,45.0,46,0.01,0.03,
559,91.0,92,0.01,0.03,
560,27.0,28,0.01,0.03,42.6
561,62.0,63,0.01,0.03,
562,19.0,20,0.01,0.03,
563,36.0,37,0.01,0.03,
564,43.0,44,0.01,0.03,
565,56.0,57,0.01,0.03,
566,62.0,63,0.01,0.03,
567,53.0,54,0.01,0.03,
568,46.0,47,0.01,0.03,
569,61.0,62,0.01,0.03,
570,73.0,74,0.01,0.03,
571,60.0,61,0.01,0.03,
572,21.0,22,0.01,0.03,
573,52.0,53,0.01,0.03,
574,64.0,65,0.01,0.03,
575,55.0,56,0.01,0.03,
576,69.0,70,0.01,0.03,
577,27.0,28,0.01,0.03,
578,28.0,29,0.01,0.03,
579,54.0,55,0.01,0.03,
580,19.0,20,0.01,0.03,54.6
581,64.0,65,0.01,0.03,
582,42.0,43,0.01,0.03,
583,50.0,51,0.01,0.03,
584,27.0,28,0.01,0.03,
585,63.0,64,0.01,0.03,
586,83.0,84,0.01,0.03,
587,59.0,60,0.01,0.03,
588,50.0,51,0.01,0.03,
589,71.0,72,0.01,0.03,
590,70.0,71,0.01,0.03,
591,71.0,72,0.01,0.03,
592,27.0,28,0.01,0.03,
593,42.0,43,0.01,0.03,
594,50.0,51,0.01,0.03,
595,78.0,79,0.01,0.03,
596,40.0,41,0.01,0.03,
597,76.0,77,0.01,0.03,
598,59.0,60,0.01,0.03,
599,91.0,92,0.01,0.03,
600,40.0,41,0.01,0.015,48.1
601,25.0,26,0.01,0.015,
602,45.0,46,0.01,0.015,
603,57.0,58,0.01,0.015,
604,36.0,37,0.01,0.015,
605,45.0,46,0.01,0.015,
606,84.0,85,0.01,0.015,
607,61.0,62,0.01,0.015,
608,63.0,64,0.01,0.015,
609,49.0,50,0.01,0.015,
610,30.0,31,0.01,0.015,
611,48.0,49,0.01,0.015,
612,63.0,64,0.01,0.015,
613,81.0,82,0.01,0.015,
614,73.0,74,0.01,0.015,
615,60.0,61,0.01,0.015,
616,52.0,53,0.01,0.015,
617,34.0,35,0.01,0.015,
618,54.0,55,0.01,0.015,
619,54.0,55,0.01,0.015,
620,54.0,55,0.01,0.015,62.4
621,19.0,20,0.01,0.015,
622,28.0,29,0.01,0.015,
623,75.0,76,0.01,0.015,
624,54.0,55,0.01,0.015,
625,38.0,39,0.01,0.015,
626,45.0,46,0.01,0.015,
627,24.0,25,0.01,0.015,
628,62.0,63,0.01,0.015,
629,19.0,20,0.01,0.015,
630,18.0,19,0.01,0.015,
631,62.0,63,0.01,0.015,
632,54.0,55,0.01,0.015,
633,37.0,38,0.01,0.015,
634,48.0,49,0.01,0.015,
635,35.0,36,0.01,0.015,
636,65.0,66,0.01,0.015,
637,37.0,38,0.01,0.015,
638,72.0,73,0.01,0.015,
639,46.0,47,0.01,0.015,
640,54.0,55,0.01,0.015,54.8
641,19.0,20,0.01,0.015,
642,19.0,20,0.01,0.015,
643,78.0,79,0.01,0.015,
644,56.0,57,0.01,0.015,
645,53.0,54,0.01,0.015,
646,37.0,38,0.01,0.015,
647,35.0,36,0.01,0.015,
648,55.0,56,0.01,0.015,
649,17.0,18,0.01,0.015,
650,67.0,68,0.01,0.015,
651,23.0,24,0.01,0.015,
652,67.0,68,0.01,0.015,
653,30.0,31,0.01,0.015,
654,44.0,45,0.01,0.015,
655,37.0,38,0.01,0.015,
656,50.0,51,0.01,0.015,
657,66.0,67,0.01,0.015,
658,68.0,69,0.01,0.015,
659,50.0,51,0.01,0.015,
660,34.0,35,0.01,0.015,57.1
661,65.0,66,0.01,0.015,
662,49.0,50,0.01,0.015,
663,65.0,66,0.01,0.015,
664,33.0,34,0.01,0.015,
665,65.0,66,0.01,0.015,
666,38.0,39,0.01,0.015,
667,62.0,63,0.01,0.015,
668,60.0,61,0.01,0.015,
669,64.0,65,0.01,0.015,
670,55.0,56,0.01,0.015,
671,37.0,38,0.01,0.015,
672,71.0,72,0.01,0.015,
673,16.0,17,0.01,0.015,
674,55.0,56,0.01,0.015,
675,64.0,65,0.01,0.015,
676,19.0,20,0.01,0.015,
677,18.0,19,0.01,0.015,
678,41.0,42,0.01,0.015,
679,40.0,41,0.01,0.015,
680,46.0,47,0.01,0.015,49.2
681,55.0,56,0.01,0.015,
682,55.0,56,0.01,0.015,
683,20.0,21,0.01,0.015,
684,52.0,53,0.01,0.015,
685,20.0,21,0.01,0.015,
686,17.0,18,0.01,0.015,
687,40.0,41,0.01,0.015,
688,36.0,37,0.01,0.015,
689,49.0,50,0.01,0.015,
690,70.0,71,0.01,0.015,
691,28.0,29,0.01,0.015,
692,60.0,61,0.01,0.015,
693,41.0,42,0.01,0.015,
694,34.0,35,0.01,0.015,
695,49.0,50,0.01,0.015,
696,50.0,51,0.01,0.015,
697,72.0,73,0.01,0.015,
698,92.0,93,0.01,0.015,
699,67.0,68,0.01,0.015,
700,50.0,51,0.01,0.0075,53.2
701,60.0,61,0.01,0.0075,
702,62.0,63,0.01,0.0075,
703,49.0,50,0.01,0.0075,
704,70.0,71,0.01,0.0075,
705,70.0,71,0.01,0.0075,
706,20.0,21,0.01,0.0075,
707,26.0,27,0.01,0.0075,
708,50.0,51,0.01,0.0075,
709,60.0,61,0.01,0.0075,
710,60.0,61,0.01,0.0075,
711,40.0,41,0.01,0.0075,
712,82.0,83,0.01,0.0075,
713,55.0,56,0.01,0.0075,
714,41.0,42,0.01,0.0075,
715,58.0,59,0.01,0.0075,
716,19.0,20,0.01,0.0075,
717,56.0,57,0.01,0.0075,
718,69.0,70,0.01,0.0075,
719,52.0,53,0.01,0.0075,
720,30.0,31,0.01,0.0075,42.1
721,52.0,53,0.01,0.0075,
722,38.0,39,0.01,0.0075,
723,45.0,46,0.01,0.0075,
724,74.0,75,0.01,0.0075,
725,62.0,63,0.01,0.0075,
726,48.0,49,0.01,0.0075,
727,57.0,58,0.01,0.0075,
728,44.0,45,0.01,0.0075,
729,76.0,77,0.01,0.0075,
730,18.0,19,0.01,0.0075,
731,40.0,41,0.01,0.0075,
732,49.0,50,0.01,0.0075,
733,17.0,18,0.01,0.0075,
734,62.0,63,0.01,0.0075,
735,58.0,59,0.01,0.0075,
736,71.0,72,0.01,0.0075,
737,21.0,22,0.01,0.0075,
738,67.0,68,0.01,0.0075,
739,68.0,69,0.01,0.0075,
740,53.0,54,0.01,0.0075,47.3
741,29.0,30,0.01,0.0075,
742,62.0,63,0.01,0.0075,
743,48.0,49,0.01,0.0075,
744,65.0,66,0.01,0.0075,
745,58.0,59,0.01,0.0075,
746,68.0,69,0.01,0.0075,
747,61.0,62,0.01,0.0075,
748,37.0,38,0.01,0.0075,
749,51.0,52,0.01,0.0075,
750,58.0,59,0.01,0.0075,
751,26.0,27,0.01,0.0075,
752,44.0,45,0.01,0.0075,
753,70.0,71,0.01,0.0075,
754,44.0,45,0.01,0.0075,
755,72.0,73,0.01,0.0075,
756,50.0,51,0.01,0.0075,
757,78.0,79,0.01,0.0075,
758,59.0,60,0.01,0.0075,
759,36.0,37,0.01,0.0075,
760,60.0,61,0.01,0.0075,52.6
761,48.0,49,0.01,0.0075,
762,50.0,51,0.01,0.0075,
763,38.0,39,0.01,0.0075,
764,94.0,95,0.01,0.0075,
765,54.0,55,0.01,0.0075,
766,21.0,22,0.01,0.0075,
767,47.0,48,0.01,0.0075,
768,44.0,45,0.01,0.0075,
769,60.0,61,0.01,0.0075,
770,55.0,56,0.01,0.0075,
771,40.0,41,0.01,0.0075,
772,20.0,21,0.01,0.0075,
773,40.0,41,0.01,0.0075,
774,77.0,78,0.01,0.0075,
775,69.0,70,0.01,0.0075,
776,70.0,71,0.01,0.0075,
777,29.0,30,0.01,0.0075,
778,69.0,70,0.01,0.0075,
779,48.0,49,0.01,0.0075,
780,40.0,41,0.01,0.0075,49.0
781,56.0,57,0.01,0.0075,
782,60.0,61,0.01,0.0075,
783,61.0,62,0.01,0.0075,
784,36.0,37,0.01,0.0075,
785,72.0,73,0.01,0.0075,
786,61.0,62,0.01,0.0075,
787,39.0,40,0.01,0.0075,
788,46.0,47,0.01,0.0075,
789,46.0,47,0.01,0.0075,
790,74.0,75,0.01,0.0075,
791,49.0,50,0.01,0.0075,
792,48.0,49,0.01,0.0075,
793,58.0,59,0.01,0.0075,
794,46.0,47,0.01,0.0075,
795,71.0,72,0.01,0.0075,
796,21.0,22,0.01,0.0075,
797,59.0,60,0.01,0.0075,
798,78.0,79,0.01,0.0075,
799,45.0,46,0.01,0.0075,
800,11.0,12,0.01,0.0075,51.2
801,44.0,45,0.01,0.0075,
802,32.0,33,0.01,0.0075,
803,56.0,57,0.01,0.0075,
804,49.0,50,0.01,0.0075,
805,46.0,47,0.01,0.0075,
806,64.0,65,0.01,0.0075,
807,53.0,54,0.01,0.0075,
808,20.0,21,0.01,0.0075,
809,58.0,59,0.01,0.0075,
810,74.0,75,0.01,0.0075,
811,19.0,20,0.01,0.0075,
812,64.0,65,0.01,0.0075,
813,40.0,41,0.01,0.0075,
814,31.0,32,0.01,0.0075,
815,30.0,31,0.01,0.0075,
816,46.0,47,0.01,0.0075,
817,37.0,38,0.01,0.0075,
818,66.0,67,0.01,0.0075,
819,50.0,51,0.01,0.0075,
820,27.0,28,0.01,0.0075,54.0
821,41.0,42,0.01,0.0075,
822,46.0,47,0.01,0.0075,
823,96.0,97,0.01,0.0075,
824,36.0,37,0.01,0.0075,
825,35.0,36,0.01,0.0075,
826,60.0,61,0.01,0.0075,
827,64.0,65,0.01,0.0075,
828,45.0,46,0.01,0.0075,
829,82.0,83,0.01,0.0075,
830,74.0,75,0.01,0.0075,
831,45.0,46,0.01,0.0075,
832,57.0,58,0.01,0.0075,
833,48.0,49,0.01,0.0075,
834,22.0,23,0.01,0.0075,
835,40.0,41,0.01,0.0075,
836,78.0,79,0.01,0.0075,
837,47.0,48,0.01,0.0075,
838,40.0,41,0.01,0.0075,
839,62.0,63,0.01,0.0075,
840,52.0,53,0.01,0.0075,47.2
841,39.0,40,0.01,0.0075,
842,33.0,34,0.01,0.0075,
843,24.0,25,0.01,0.0075,
844,38.0,39,0.01,0.0075,
845,52.0,53,0.01,0.0075,
846,44.0,45,0.01,0.0075,
847,68.0,69,0.01,0.0075,
848,59.0,60,0.01,0.0075,
849,56.0,57,0.01,0.0075,
850,40.0,41,0.01,0.0075,
851,42.0,43,0.01,0.0075,
852,34.0,35,0.01,0.0075,
853,65.0,66,0.01,0.0075,
854,73.0,74,0.01,0.0075,
855,41.0,42,0.01,0.0075,
856,35.0,36,0.01,0.0075,
857,25.0,26,0.01,0.0075,
858,51.0,52,0.01,0.0075,
859,79.0,80,0.01,0.0075,
860,39.0,40,0.01,0.0075,51.8
861,56.0,57,0.01,0.0075,
862,26.0,27,0.01,0.0075,
863,23.0,24,0.01,0.0075,
864,54.0,55,0.01,0.0075,
865,30.0,31,0.01,0.0075,
866,55.0,56,0.01,0.0075,
867,42.0,43,0.01,0.0075,
868,55.0,56,0.01,0.0075,
869,56.0,57,0.01,0.0075,
870,69.0,70,0.01,0.0075,
871,57.0,58,0.01,0.0075,
872,61.0,62,0.01,0.0075,
873,58.0,59,0.01,0.0075,
874,27.0,28,0.01,0.0075,
875,62.0,63,0.01,0.0075,
876,48.0,49,0.01,0.0075,
877,35.0,36,0.01,0.0075,
878,20.0,21,0.01,0.0075,
879,32.0,33,0.01,0.0075,
880,35.0,36,0.01,0.0075,45.9
881,46.0,47,0.01,0.0075,
882,31.0,32,0.01,0.0075,
883,58.0,59,0.01,0.0075,
884,62.0,63,0.01,0.0075,
885,48.0,49,0.01,0.0075,
886,60.0,61,0.01,0.0075,
887,48.0,49,0.01,0.0075,
888,30.0,31,0.01,0.0075,
889,50.0,51,0.01,0.0075,
890,68.0,69,0.01,0.0075,
891,66.0,67,0.01,0.0075,
892,18.0,19,0.01,0.0075,
893,54.0,55,0.01,0.0075,
894,50.0,51,0.01,0.0075,
895,60.0,61,0.01,0.0075,
896,44.0,45,0.01,0.0075,
897,43.0,44,0.01,0.0075,
898,11.0,12,0.01,0.0075,
899,90.0,91,0.01,0.0075,
900,38.0,39,0.01,0.00375,60.8
901,23.0,24,0.01,0.00375,
902,34.0,35,0.01,0.00375,
903,60.0,61,0.01,0.00375,
904,47.0,48,0.01,0.00375,
905,62.0,63,0.01,0.00375,
906,48.0,49,0.01,0.00375,
907,60.0,61,0.01,0.00375,
908,22.0,23,0.01,0.00375,
909,74.0,75,0.01,0.00375,
910,31.0,32,0.01,0.00375,
911,62.0,63,0.01,0.00375,
912,66.0,67,0.01,0.00375,
913,39.0,40,0.01,0.00375,
914,33.0,34,0.01,0.00375,
915,58.0,59,0.01,0.00375,
916,26.0,27,0.01,0.00375,
917,27.0,28,0.01,0.00375,
918,34.0,35,0.01,0.00375,
919,70.0,71,0.01,0.00375,
920,47.0,48,0.01,0.00375,48.0
921,55.0,56,0.01,0.00375,
922,64.0,65,0.01,0.00375,
923,37.0,38,0.01,0.00375,
924,49.0,50,0.01,0.00375,
925,34.0,35,0.01,0.00375,
926,66.0,67,0.01,0.00375,
927,58.0,59,0.01,0.00375,
928,20.0,21,0.01,0.00375,
929,49.0,50,0.01,0.00375,
930,32.0,33,0.01,0.00375,
931,52.0,53,0.01,0.00375,
932,46.0,47,0.01,0.00375,
933,38.0,39,0.01,0.00375,
934,54.0,55,0.01,0.00375,
935,48.0,49,0.01,0.00375,
936,43.0,44,0.01,0.00375,
937,53.0,54,0.01,0.00375,
938,52.0,53,0.01,0.00375,
939,47.0,48,0.01,0.00375,
940,59.0,60,0.01,0.00375,57.6
941,57.0,58,0.01,0.00375,
942,72.0,73,0.01,0.00375,
943,74.0,75,0.01,0.00375,
944,62.0,63,0.01,0.00375,
945,56.0,57,0.01,0.00375,
946,44.0,45,0.01,0.00375,
947,61.0,62,0.01,0.00375,
948,38.0,39,0.01,0.00375,
949,62.0,63,0.01,0.00375,
950,20.0,21,0.01,0.00375,
951,19.0,20,0.01,0.00375,
952,87.0,88,0.01,0.00375,
953,23.0,24,0.01,0.00375,
954,42.0,43,0.01,0.00375,
955,54.0,55,0.01,0.00375,
956,73.0,74,0.01,0.00375,
957,66.0,67,0.01,0.00375,
958,22.0,23,0.01,0.00375,
959,36.0,37,0.01,0.00375,
960,65.0,66,0.01,0.00375,49.7
961,62.0,63,0.01,0.00375,
962,65.0,66,0.01,0.00375,
963,50.0,51,0.01,0.00375,
964,44.0,45,0.01,0.00375,
965,42.0,43,0.01,0.00375,
966,54.0,55,0.01,0.00375,
967,67.0,68,0.01,0.00375,
968,46.0,47,0.01,0.00375,
969,55.0,56,0.01,0.00375,
970,59.0,60,0.01,0.00375,
971,72.0,73,0.01,0.00375,
972,56.0,57,0.01,0.00375,
973,27.0,28,0.01,0.00375,
974,55.0,56,0.01,0.00375,
975,80.0,81,0.01,0.00375,
976,18.0,19,0.01,0.00375,
977,26.0,27,0.01,0.00375,
978,37.0,38,0.01,0.00375,
979,52.0,53,0.01,0.00375,
980,54.0,55,0.01,0.00375,45.5
981,62.0,63,0.01,0.00375,
982,17.0,18,0.01,0.00375,
983,67.0,68,0.01,0.00375,
984,37.0,38,0.01,0.00375,
985,60.0,61,0.01,0.00375,
986,47.0,48,0.01,0.00375,
987,36.0,37,0.01,0.00375,
988,42.0,43,0.01,0.00375,
989,48.0,49,0.01,0.00375,
990,57.0,58,0.01,0.00375,
991,31.0,32,0.01,0.00375,
992,48.0,49,0.01,0.00375,
993,50.0,51,0.01,0.00375,
994,35.0,36,0.01,0.00375,
995,63.0,64,0.01,0.00375,
996,23.0,24,0.01,0.00375,
997,21.0,22,0.01,0.00375,
998,54.0,55,0.01,0.00375,
999,74.0,75,0.01,0.00375,
1000,46.0,47,0.01,0.00375,53.2
1001,56.0,57,0.01,0.00375,
1002,48.0,49,0.01,0.00375,
1003,54.0,55,0.01,0.00375,
1004,41.0,42,0.01,0.00375,
1005,70.0,71,0.01,0.00375,
1006,57.0,58,0.01,0.00375,
1007,40.0,41,0.01,0.00375,
1008,38.0,39,0.01,0.00375,
1009,51.0,52,0.01,0.00375,
1010,19.0,20,0.01,0.00375,
1011,60.0,61,0.01,0.00375,
1012,38.0,39,0.01,0.00375,
1013,49.0,50,0.01,0.00375,
1014,22.0,23,0.01,0.00375,
1015,65.0,66,0.01,0.00375,
1016,80.0,81,0.01,0.00375,
1017,60.0,61,0.01,0.00375,
1018,42.0,43,0.01,0.00375,
1019,81.0,82,0.01,0.00375,
1020,63.0,64,0.01,0.00375,44.2
1021,73.0,74,0.01,0.00375,
1022,34.0,35,0.01,0.00375,
1023,17.0,18,0.01,0.00375,
1024,38.0,39,0.01,0.00375,
1025,50.0,51,0.01,0.00375,
1026,18.0,19,0.01,0.00375,
1027,74.0,75,0.01,0.00375,
1028,62.0,63,0.01,0.00375,
1029,40.0,41,0.01,0.00375,
1030,33.0,34,0.01,0.00375,
1031,37.0,38,0.01,0.00375,
1032,88.0,89,0.01,0.00375,
1033,42.0,43,0.01,0.00375,
1034,47.0,48,0.01,0.00375,
1035,42.0,43,0.01,0.00375,
1036,43.0,44,0.01,0.00375,
1037,38.0,39,0.01,0.00375,
1038,70.0,71,0.01,0.00375,
1039,70.0,71,0.01,0.00375,
1040,67.0,68,0.01,0.00375,57.4
1041,55.0,56,0.01,0.00375,
1042,47.0,48,0.01,0.00375,
1043,29.0,30,0.01,0.00375,
1044,53.0,54,0.01,0.00375,
1045,54.0,55,0.01,0.00375,
1046,52.0,53,0.01,0.00375,
1047,45.0,46,0.01,0.00375,
1048,72.0,73,0.01,0.00375,
1049,60.0,61,0.01,0.00375,
1050,38.0,39,0.01,0.00375,
1051,35.0,36,0.01,0.00375,
1052,66.0,67,0.01,0.00375,
1053,64.0,65,0.01,0.00375,
1054,53.0,54,0.01,0.00375,
1055,62.0,63,0.01,0.00375,
1056,71.0,72,0.01,0.00375,
1057,65.0,66,0.01,0.00375,
1058,60.0,61,0.01,0.00375,
1059,66.0,67,0.01,0.00375,
1060,62.0,63,0.01,0.00375,53.0
1061,26.0,27,0.01,0.00375,
1062,53.0,54,0.01,0.00375,
1063,57.0,58,0.01,0.00375,
1064,31.0,32,0.01,0.00375,
1065,46.0,47,0.01,0.00375,
1066,41.0,42,0.01,0.00375,
1067,64.0,65,0.01,0.00375,
1068,47.0,48,0.01,0.00375,
1069,23.0,24,0.01,0.00375,
1070,62.0,63,0.01,0.00375,
1071,41.0,42,0.01,0.00375,
1072,18.0,19,0.01,0.00375,
1073,75.0,76,0.01,0.00375,
1074,46.0,47,0.01,0.00375,
1075,49.0,50,0.01,0.00375,
1076,48.0,49,0.01,0.00375,
1077,95.0,96,0.01,0.00375,
1078,13.0,14,0.01,0.00375,
1079,18.0,19,0.01,0.00375,
1080,38.0,39,0.01,0.00375,53.4
1081,76.0,77,0.01,0.00375,
1082,73.0,74,0.01,0.00375,
1083,57.0,58,0.01,0.00375,
1084,36.0,37,0.01,0.00375,
1085,82.0,83,0.01,0.00375,
1086,59.0,60,0.01,0.00375,
1087,51.0,52,0.01,0.00375,
1088,48.0,49,0.01,0.00375,
1089,66.0,67,0.01,0.00375,
1090,41.0,42,0.01,0.00375,
1091,34.0,35,0.01,0.00375,
1092,56.0,57,0.01,0.00375,
1093,60.0,61,0.01,0.00375,
1094,71.0,72,0.01,0.00375,
1095,42.0,43,0.01,0.00375,
1096,20.0,21,0.01,0.00375,
1097,65.0,66,0.01,0.00375,
1098,50.0,51,0.01,0.00375,
1099,53.0,54,0.01,0.00375,
1100,21.0,22,0.01,0.00375,45.6
1101,68.0,69,0.01,0.00375,
1102,70.0,71,0.01,0.00375,
1103,54.0,55,0.01,0.00375,
1104,53.0,54,0.01,0.00375,
1105,44.0,45,0.01,0.00375,
1106,39.0,40,0.01,0.00375,
1107,42.0,43,0.01,0.00375,
1108,42.0,43,0.01,0.00375,
1109,75.0,76,0.01,0.00375,
1110,71.0,72,0.01,0.00375,
1111,44.0,45,0.01,0.00375,
1112,54.0,55,0.01,0.00375,
1113,59.0,60,0.01,0.00375,
1114,43.0,44,0.01,0.00375,
1115,54.0,55,0.01,0.00375,
1116,21.0,22,0.01,0.00375,
1117,22.0,23,0.01,0.00375,
1118,52.0,53,0.01,0.00375,
1119,27.0,28,0.01,0.00375,
1120,72.0,73,0.01,0.00375,47.5
1121,58.0,59,0.01,0.00375,
1122,52.0,53,0.01,0.00375,
1123,45.0,46,0.01,0.00375,
1124,73.0,74,0.01,0.00375,
1125,57.0,58,0.01,0.00375,
1126,38.0,39,0.01,0.00375,
1127,40.0,41,0.01,0.00375,
1128,49.0,50,0.01,0.00375,
1129,27.0,28,0.01,0.00375,
1130,54.0,55,0.01,0.00375,
1131,48.0,49,0.01,0.00375,
1132,62.0,63,0.01,0.00375,
1133,57.0,58,0.01,0.00375,
1134,25.0,26,0.01,0.00375,
1135,48.0,49,0.01,0.00375,
1136,46.0,47,0.01,0.00375,
1137,40.0,41,0.01,0.00375,
1138,39.0,40,0.01,0.00375,
1139,70.0,71,0.01,0.00375,
1140,68.0,69,0.01,0.00375,58.4
1141,54.0,55,0.01,0.00375,
1142,74.0,75,0.01,0.00375,
1143,74.0,75,0.01,0.00375,
1144,17.0,18,0.01,0.00375,
1145,81.0,82,0.01,0.00375,
1146,69.0,70,0.01,0.00375,
1147,35.0,36,0.01,0.00375,
1148,53.0,54,0.01,0.00375,
1149,44.0,45,0.01,0.00375,
1150,49.0,50,0.01,0.00375,
1151,52.0,53,0.01,0.00375,
1152,60.0,61,0.01,0.00375,
1153,45.0,46,0.01,0.00375,
1154,51.0,52,0.01,0.00375,
1155,40.0,41,0.01,0.00375,
1156,49.0,50,0.01,0.00375,
1157,38.0,39,0.01,0.00375,
1158,40.0,41,0.01,0.00375,
1159,25.0,26,0.01,0.00375,
1160,44.0,45,0.01,0.00375,45.4
1161,56.0,57,0.01,0.00375,
1162,74.0,75,0.01,0.00375,
1163,38.0,39,0.01,0.00375,
1164,44.0,45,0.01,0.00375,
1165,55.0,56,0.01,0.00375,
1166,21.0,22,0.01,0.00375,
1167,37.0,38,0.01,0.00375,
1168,48.0,49,0.01,0.00375,
1169,56.0,57,0.01,0.00375,
1170,51.0,52,0.01,0.00375,
1171,67.0,68,0.01,0.00375,
1172,58.0,59,0.01,0.00375,
1173,65.0,66,0.01,0.00375,
1174,29.0,30,0.01,0.00375,
1175,35.0,36,0.01,0.00375,
1176,53.0,54,0.01,0.00375,
1177,19.0,20,0.01,0.00375,
1178,53.0,54,0.01,0.00375,
1179,24.0,25,0.01,0.00375,
1180,76.0,77,0.01,0.00375,50.7
1181,38.0,39,0.01,0.00375,
1182,78.0,79,0.01,0.00375,
1183,61.0,62,0.01,0.00375,
1184,43.0,44,0.01,0.00375,
1185,55.0,56,0.01,0.00375,
1186,19.0,20,0.01,0.00375,
1187,33.0,34,0.01,0.00375,
1188,10.0,11,0.01,0.00375,
1189,37.0,38,0.01,0.00375,
1190,21.0,22,0.01,0.00375,
1191,43.0,44,0.01,0.00375,
1192,31.0,32,0.01,0.00375,
1193,25.0,26,0.01,0.00375,
1194,64.0,65,0.01,0.00375,
1195,44.0,45,0.01,0.00375,
1196,48.0,49,0.01,0.00375,
1197,62.0,63,0.01,0.00375,
1198,50.0,51,0.01,0.00375,
1199,49.0,50,0.01,0.00375,
1200,62.0,63,0.01,0.001875,36.5
1201,24.0,25,0.01,0.001875,
1202,41.0,42,0.01,0.001875,
1203,36.0,37,0.01,0.001875,
1204,66.0,67,0.01,0.001875,
1205,53.0,54,0.01,0.001875,
1206,46.0,47,0.01,0.001875,
1207,63.0,64,0.01,0.001875,
1208,72.0,73,0.01,0.001875,
1209,77.0,78,0.01,0.001875,
1210,54.0,55,0.01,0.001875,
1211,66.0,67,0.01,0.001875,
1212,58.0,59,0.01,0.001875,
1213,49.0,50,0.01,0.001875,
1214,37.0,38,0.01,0.001875,
1215,75.0,76,0.01,0.001875,
1216,40.0,41,0.01,0.001875,
1217,19.0,20,0.01,0.001875,
1218,49.0,50,0.01,0.001875,
1219,24.0,25,0.01,0.001875,
1220,29.0,30,0.01,0.001875,50.1
1221,38.0,39,0.01,0.001875,
1222,56.0,57,0.01,0.001875,
1223,59.0,60,0.01,0.001875,
1224,35.0,36,0.01,0.001875,
1225,71.0,72,0.01,0.001875,
1226,24.0,25,0.01,0.001875,
1227,40.0,41,0.01,0.001875,
1228,52.0,53,0.01,0.001875,
1229,53.0,54,0.01,0.001875,
1230,61.0,62,0.01,0.001875,
1231,60.0,61,0.01,0.001875,
1232,67.0,68,0.01,0.001875,
1233,33.0,34,0.01,0.001875,
1234,71.0,72,0.01,0.001875,
1235,13.0,14,0.01,0.001875,
1236,66.0,67,0.01,0.001875,
1237,37.0,38,0.01,0.001875,
1238,76.0,77,0.01,0.001875,
1239,61.0,62,0.01,0.001875,
1240,59.0,60,0.01,0.001875,43.5
1241,44.0,45,0.01,0.001875,
1242,36.0,37,0.01,0.001875,
1243,48.0,49,0.01,0.001875,
1244,21.0,22,0.01,0.001875,
1245,76.0,77,0.01,0.001875,
1246,19.0,20,0.01,0.001875,
1247,78.0,79,0.01,0.001875,
1248,34.0,35,0.01,0.001875,
1249,17.0,18,0.01,0.001875,
1250,30.0,31,0.01,0.001875,
1251,61.0,62,0.01,0.001875,
1252,39.0,40,0.01,0.001875,
1253,37.0,38,0.01,0.001875,
1254,60.0,61,0.01,0.001875,
1255,84.0,85,0.01,0.001875,
1256,78.0,79,0.01,0.001875,
1257,41.0,42,0.01,0.001875,
1258,64.0,65,0.01,0.001875,
1259,59.0,60,0.01,0.001875,
1260,75.0,76,0.01,0.001875,58.1
1261,39.0,40,0.01,0.001875,
1262,16.0,17,0.01,0.001875,
1263,48.0,49,0.01,0.001875,
1264,64.0,65,0.01,0.001875,
1265,45.0,46,0.01,0.001875,
1266,44.0,45,0.01,0.001875,
1267,32.0,33,0.01,0.001875,
1268,41.0,42,0.01,0.001875,
1269,63.0,64,0.01,0.001875,
1270,42.0,43,0.01,0.001875,
1271,38.0,39,0.01,0.001875,
1272,49.0,50,0.01,0.001875,
1273,41.0,42,0.01,0.001875,
1274,36.0,37,0.01,0.001875,
1275,52.0,53,0.01,0.001875,
1276,63.0,64,0.01,0.001875,
1277,21.0,22,0.01,0.001875,
1278,23.0,24,0.01,0.001875,
1279,69.0,70,0.01,0.001875,
1280,44.0,45,0.01,0.001875,45.5
1281,58.0,59,0.01,0.001875,
1282,23.0,24,0.01,0.001875,
1283,54.0,55,0.01,0.001875,
1284,31.0,32,0.01,0.001875,
1285,47.0,48,0.01,0.001875,
1286,45.0,46,0.01,0.001875,
1287,56.0,57,0.01,0.001875,
1288,35.0,36,0.01,0.001875,
1289,55.0,56,0.01,0.001875,
1290,24.0,25,0.01,0.001875,
1291,60.0,61,0.01,0.001875,
1292,36.0,37,0.01,0.001875,
1293,52.0,53,0.01,0.001875,
1294,36.0,37,0.01,0.001875,
1295,38.0,39,0.01,0.001875,
1296,20.0,21,0.01,0.001875,
1297,48.0,49,0.01,0.001875,
1298,19.0,20,0.01,0.001875,
1299,44.0,45,0.01,0.001875,
1300,73.0,74,0.01,0.001,50.6
1301,48.0,49,0.01,0.001,
1302,67.0,68,0.01,0.001,
1303,39.0,40,0.01,0.001,
1304,43.0,44,0.01,0.001,
1305,50.0,51,0.01,0.001,
1306,49.0,50,0.01,0.001,
1307,61.0,62,0.01,0.001,
1308,63.0,64,0.01,0.001,
1309,42.0,43,0.01,0.001,
1310,48.0,49,0.01,0.001,
1311,58.0,59,0.01,0.001,
1312,50.0,51,0.01,0.001,
1313,46.0,47,0.01,0.001,
1314,62.0,63,0.01,0.001,
1315,23.0,24,0.01,0.001,
1316,62.0,63,0.01,0.001,
1317,47.0,48,0.01,0.001,
1318,51.0,52,0.01,0.001,
1319,62.0,63,0.01,0.001,
1320,44.0,45,0.01,0.001,46.3
1321,42.0,43,0.01,0.001,
1322,69.0,70,0.01,0.001,
1323,13.0,14,0.01,0.001,
1324,62.0,63,0.01,0.001,
1325,47.0,48,0.01,0.001,
1326,55.0,56,0.01,0.001,
1327,59.0,60,0.01,0.001,
1328,42.0,43,0.01,0.001,
1329,11.0,12,0.01,0.001,
1330,60.0,61,0.01,0.001,
1331,51.0,52,0.01,0.001,
1332,34.0,35,0.01,0.001,
1333,54.0,55,0.01,0.001,
1334,72.0,73,0.01,0.001,
1335,53.0,54,0.01,0.001,
1336,38.0,39,0.01,0.001,
1337,54.0,55,0.01,0.001,
1338,19.0,20,0.01,0.001,
1339,46.0,47,0.01,0.001,
1340,46.0,47,0.01,0.001,58.8
1341,30.0,31,0.01,0.001,
1342,41.0,42,0.01,0.001,
1343,84.0,85,0.01,0.001,
1344,52.0,53,0.01,0.001,
1345,58.0,59,0.01,0.001,
1346,37.0,38,0.01,0.001,
1347,49.0,50,0.01,0.001,
1348,54.0,55,0.01,0.001,
1349,37.0,38,0.01,0.001,
1350,62.0,63,0.01,0.001,
1351,19.0,20,0.01,0.001,
1352,63.0,64,0.01,0.001,
1353,42.0,43,0.01,0.001,
1354,94.0,95,0.01,0.001,
1355,33.0,34,0.01,0.001,
1356,61.0,62,0.01,0.001,
1357,22.0,23,0.01,0.001,
1358,40.0,41,0.01,0.001,
1359,40.0,41,0.01,0.001,
1360,57.0,58,0.01,0.001,51.4
1361,56.0,57,0.01,0.001,
1362,22.0,23,0.01,0.001,
1363,44.0,45,0.01,0.001,
1364,54.0,55,0.01,0.001,
1365,54.0,55,0.01,0.001,
1366,27.0,28,0.01,0.001,
1367,56.0,57,0.01,0.001,
1368,59.0,60,0.01,0.001,
1369,68.0,69,0.01,0.001,
1370,75.0,76,0.01,0.001,
1371,46.0,47,0.01,0.001,
1372,56.0,57,0.01,0.001,
1373,56.0,57,0.01,0.001,
1374,46.0,47,0.01,0.001,
1375,67.0,68,0.01,0.001,
1376,51.0,52,0.01,0.001,
1377,48.0,49,0.01,0.001,
1378,26.0,27,0.01,0.001,
1379,30.0,31,0.01,0.001,
1380,74.0,75,0.01,0.001,42.7
1381,61.0,62,0.01,0.001,
1382,66.0,67,0.01,0.001,
1383,40.0,41,0.01,0.001,
1384,60.0,61,0.01,0.001,
1385,39.0,40,0.01,0.001,
1386,56.0,57,0.01,0.001,
1387,43.0,44,0.01,0.001,
1388,47.0,48,0.01,0.001,
1389,52.0,53,0.01,0.001,
1390,61.0,62,0.01,0.001,
1391,48.0,49,0.01,0.001,
1392,54.0,55,0.01,0.001,
1393,45.0,46,0.01,0.001,
1394,39.0,40,0.01,0.001,
1395,47.0,48,0.01,0.001,
1396,37.0,38,0.01,0.001,
1397,41.0,42,0.01,0.001,
1398,25.0,26,0.01,0.001,
1399,52.0,53,0.01,0.001,
1400,60.0,61,0.01,0.001,42.6
1401,74.0,75,0.01,0.001,
1402,62.0,63,0.01,0.001,
1403,57.0,58,0.01,0.001,
1404,21.0,22,0.01,0.001,
1405,20.0,21,0.01,0.001,
1406,61.0,62,0.01,0.001,
1407,69.0,70,0.01,0.001,
1408,57.0,58,0.01,0.001,
1409,58.0,59,0.01,0.001,
1410,64.0,65,0.01,0.001,
1411,56.0,57,0.01,0.001,
1412,55.0,56,0.01,0.001,
1413,35.0,36,0.01,0.001,
1414,55.0,56,0.01,0.001,
1415,78.0,79,0.01,0.001,
1416,38.0,39,0.01,0.001,
1417,44.0,45,0.01,0.001,
1418,49.0,50,0.01,0.001,
1419,38.0,39,0.01,0.001,
1420,72.0,73,0.01,0.001,45.4
1421,27.0,28,0.01,0.001,
1422,19.0,20,0.01,0.001,
1423,54.0,55,0.01,0.001,
1424,50.0,51,0.01,0.001,
1425,14.0,15,0.01,0.001,
1426,44.0,45,0.01,0.001,
1427,61.0,62,0.01,0.001,
1428,67.0,68,0.01,0.001,
1429,78.0,79,0.01,0.001,
1430,74.0,75,0.01,0.001,
1431,46.0,47,0.01,0.001,
1432,35.0,36,0.01,0.001,
1433,82.0,83,0.01,0.001,
1434,36.0,37,0.01,0.001,
1435,42.0,43,0.01,0.001,
1436,37.0,38,0.01,0.001,
1437,59.0,60,0.01,0.001,
1438,29.0,30,0.01,0.001,
1439,47.0,48,0.01,0.001,
1440,72.0,73,0.01,0.001,49.1
1441,56.0,57,0.01,0.001,
1442,19.0,20,0.01,0.001,
1443,73.0,74,0.01,0.001,
1444,43.0,44,0.01,0.001,
1445,52.0,53,0.01,0.001,
1446,57.0,58,0.01,0.001,
1447,19.0,20,0.01,0.001,
1448,42.0,43,0.01,0.001,
1449,27.0,28,0.01,0.001,
1450,68.0,69,0.01,0.001,
1451,47.0,48,0.01,0.001,
1452,56.0,57,0.01,0.001,
1453,41.0,42,0.01,0.001,
1454,43.0,44,0.01,0.001,
1455,24.0,25,0.01,0.001,
1456,40.0,41,0.01,0.001,
1457,34.0,35,0.01,0.001,
1458,51.0,52,0.01,0.001,
1459,10.0,11,0.01,0.001,
1460,75.0,76,0.01,0.001,41.5
1461,25.0,26,0.01,0.001,
1462,42.0,43,0.01,0.001,
1463,46.0,47,0.01,0.001,
1464,71.0,72,0.01,0.001,
1465,39.0,40,0.01,0.001,
1466,64.0,65,0.01,0.001,
1467,81.0,82,0.01,0.001,
1468,70.0,71,0.01,0.001,
1469,52.0,53,0.01,0.001,
1470,52.0,53,0.01,0.001,
1471,29.0,30,0.01,0.001,
1472,43.0,44,0.01,0.001,
1473,62.0,63,0.01,0.001,
1474,38.0,39,0.01,0.001,
1475,37.0,38,0.01,0.001,
1476,52.0,53,0.01,0.001,
1477,61.0,62,0.01,0.001,
1478,52.0,53,0.01,0.001,
1479,58.0,59,0.01,0.001,
1480,70.0,71,0.01,0.001,48.7
1481,58.0,59,0.01,0.001,
1482,70.0,71,0.01,0.001,
1483,24.0,25,0.01,0.001,
1484,80.0,81,0.01,0.001,
1485,66.0,67,0.01,0.001,
1486,64.0,65,0.01,0.001,
1487,23.0,24,0.01,0.001,
1488,47.0,48,0.01,0.001,
1489,70.0,71,0.01,0.001,
1490,36.0,37,0.01,0.001,
1491,52.0,53,0.01,0.001,
1492,93.0,94,0.01,0.001,
1493,33.0,34,0.01,0.001,
1494,41.0,42,0.01,0.001,
1495,43.0,44,0.01,0.001,
1496,19.0,20,0.01,0.001,
1497,60.0,61,0.01,0.001,
1498,49.0,50,0.01,0.001,
1499,51.0,52,0.01,0.001,
1500,28.0,29,0.01,0.001,59.6
1501,26.0,27,0.01,0.001,
1502,58.0,59,0.01,0.001,
1503,29.0,30,0.01,0.001,
1504,55.0,56,0.01,0.001,
1505,71.0,72,0.01,0.001,
1506,40.0,41,0.01,0.001,
1507,69.0,70,0.01,0.001,
1508,56.0,57,0.01,0.001,
1509,70.0,71,0.01,0.001,
1510,47.0,48,0.01,0.001,
1511,66.0,67,0.01,0.001,
1512,27.0,28,0.01,0.001,
1513,63.0,64,0.01,0.001,
1514,36.0,37,0.01,0.001,
1515,39.0,40,0.01,0.001,
1516,62.0,63,0.01,0.001,
1517,48.0,49,0.01,0.001,
1518,40.0,41,0.01,0.001,
1519,42.0,43,0.01,0.001,
1520,54.0,55,0.01,0.001,56.0
1521,36.0,37,0.01,0.001,
1522,38.0,39,0.01,0.001,
1523,66.0,67,0.01,0.001,
1524,48.0,49,0.01,0.001,
1525,25.0,26,0.01,0.001,
1526,54.0,55,0.01,0.001,
1527,42.0,43,0.01,0.001,
1528,30.0,31,0.01,0.001,
1529,42.0,43,0.01,0.001,
1530,44.0,45,0.01,0.001,
1531,66.0,67,0.01,0.001,
1532,37.0,38,0.01,0.001,
1533,29.0,30,0.01,0.001,
1534,16.0,17,0.01,0.001,
1535,54.0,55,0.01,0.001,
1536,42.0,43,0.01,0.001,
1537,25.0,26,0.01,0.001,
1538,18.0,19,0.01,0.001,
1539,69.0,70,0.01,0.001,
1540,27.0,28,0.01,0.001,51.7
1541,46.0,47,0.01,0.001,
1542,50.0,51,0.01,0.001,
1543,19.0,20,0.01,0.001,
1544,46.0,47,0.01,0.001,
1545,59.0,60,0.01,0.001,
1546,30.0,31,0.01,0.001,
1547,37.0,38,0.01,0.001,
1548,10.0,11,0.01,0.001,
1549,35.0,36,0.01,0.001,
1550,64.0,65,0.01,0.001,
1551,58.0,59,0.01,0.001,
1552,51.0,52,0.01,0.001,
1553,65.0,66,0.01,0.001,
1554,53.0,54,0.01,0.001,
1555,46.0,47,0.01,0.001,
1556,20.0,21,0.01,0.001,
1557,40.0,41,0.01,0.001,
1558,82.0,83,0.01,0.001,
1559,47.0,48,0.01,0.001,
1560,35.0,36,0.01,0.001,45.6
1561,42.0,43,0.01,0.001,
1562,74.0,75,0.01,0.001,
1563,68.0,69,0.01,0.001,
1564,50.0,51,0.01,0.001,
1565,17.0,18,0.01,0.001,
1566,19.0,20,0.01,0.001,
1567,48.0,49,0.01,0.001,
1568,46.0,47,0.01,0.001,
1569,46.0,47,0.01,0.001,
1570,40.0,41,0.01,0.001,
1571,53.0,54,0.01,0.001,
1572,60.0,61,0.01,0.001,
1573,46.0,47,0.01,0.001,
1574,56.0,57,0.01,0.001,
1575,44.0,45,0.01,0.001,
1576,45.0,46,0.01,0.001,
1577,37.0,38,0.01,0.001,
1578,38.0,39,0.01,0.001,
1579,58.0,59,0.01,0.001,
1580,36.0,37,0.01,0.001,46.9
1581,33.0,34,0.01,0.001,
1582,59.0,60,0.01,0.001,
1583,62.0,63,0.01,0.001,
1584,17.0,18,0.01,0.001,
1585,54.0,55,0.01,0.001,
1586,63.0,64,0.01,0.001,
1587,51.0,52,0.01,0.001,
1588,57.0,58,0.01,0.001,
1589,44.0,45,0.01,0.001,
1590,57.0,58,0.01,0.001,
1591,19.0,20,0.01,0.001,
1592,59.0,60,0.01,0.001,
1593,49.0,50,0.01,0.001,
1594,57.0,58,0.01,0.001,
1595,50.0,51,0.01,0.001,
1596,44.0,45,0.01,0.001,
1597,18.0,19,0.01,0.001,
1598,54.0,55,0.01,0.001,
1599,35.0,36,0.01,0.001,
1600,61.0,62,0.01,0.001,44.3
1601,40.0,41,0.01,0.001,
1602,45.0,46,0.01,0.001,
1603,72.0,73,0.01,0.001,
1604,45.0,46,0.01,0.001,
1605,80.0,81,0.01,0.001,
1606,76.0,77,0.01,0.001,
1607,36.0,37,0.01,0.001,
1608,54.0,55,0.01,0.001,
1609,17.0,18,0.01,0.001,
1610,54.0,55,0.01,0.001,
1611,53.0,54,0.01,0.001,
1612,44.0,45,0.01,0.001,
1613,56.0,57,0.01,0.001,
1614,50.0,51,0.01,0.001,
1615,79.0,80,0.01,0.001,
1616,49.0,50,0.01,0.001,
1617,34.0,35,0.01,0.001,
1618,63.0,64,0.01,0.001,
1619,47.0,48,0.01,0.001,
1620,61.0,62,0.01,0.001,44.5
1621,60.0,61,0.01,0.001,
1622,37.0,38,0.01,0.001,
1623,35.0,36,0.01,0.001,
1624,53.0,54,0.01,0.001,
1625,50.0,51,0.01,0.001,
1626,36.0,37,0.01,0.001,
1627,46.0,47,0.01,0.001,
1628,55.0,56,0.01,0.001,
1629,39.0,40,0.01,0.001,
1630,52.0,53,0.01,0.001,
1631,35.0,36,0.01,0.001,
1632,88.0,89,0.01,0.001,
1633,53.0,54,0.01,0.001,
1634,47.0,48,0.01,0.001,
1635,22.0,23,0.01,0.001,
1636,57.0,58,0.01,0.001,
1637,19.0,20,0.01,0.001,
1638,40.0,41,0.01,0.001,
1639,49.0,50,0.01,0.001,
1640,74.0,75,0.01,0.001,48.4
1641,59.0,60,0.01,0.001,
1642,17.0,18,0.01,0.001,
1643,63.0,64,0.01,0.001,
1644,54.0,55,0.01,0.001,
1645,56.0,57,0.01,0.001,
1646,51.0,52,0.01,0.001,
1647,29.0,30,0.01,0.001,
1648,24.0,25,0.01,0.001,
1649,74.0,75,0.01,0.001,
1650,62.0,63,0.01,0.001,
1651,46.0,47,0.01,0.001,
1652,58.0,59,0.01,0.001,
1653,24.0,25,0.01,0.001,
1654,31.0,32,0.01,0.001,
1655,38.0,39,0.01,0.001,
1656,51.0,52,0.01,0.001,
1657,21.0,22,0.01,0.001,
1658,36.0,37,0.01,0.001,
1659,16.0,17,0.01,0.001,
1660,61.0,62,0.01,0.001,51.3
1661,66.0,67,0.01,0.001,
1662,58.0,59,0.01,0.001,
1663,45.0,46,0.01,0.001,
1664,73.0,74,0.01,0.001,
1665,66.0,67,0.01,0.001,
1666,36.0,37,0.01,0.001,
1667,19.0,20,0.01,0.001,
1668,52.0,53,0.01,0.001,
1669,82.0,83,0.01,0.001,
1670,33.0,34,0.01,0.001,
1671,23.0,24,0.01,0.001,
1672,19.0,20,0.01,0.001,
1673,75.0,76,0.01,0.001,
1674,77.0,78,0.01,0.001,
1675,72.0,73,0.01,0.001,
1676,57.0,58,0.01,0.001,
1677,64.0,65,0.01,0.001,
1678,52.0,53,0.01,0.001,
1679,17.0,18,0.01,0.001,
1680,52.0,53,0.01,0.001,52.1
1681,64.0,65,0.01,0.001,
1682,55.0,56,0.01,0.001,
1683,34.0,35,0.01,0.001,
1684,39.0,40,0.01,0.001,
1685,56.0,57,0.01,0.001,
1686,41.0,42,0.01,0.001,
1687,49.0,50,0.01,0.001,
1688,53.0,54,0.01,0.001,
1689,39.0,40,0.01,0.001,
1690,17.0,18,0.01,0.001,
1691,17.0,18,0.01,0.001,
1692,75.0,76,0.01,0.001,
1693,65.0,66,0.01,0.001,
1694,55.0,56,0.01,0.001,
1695,19.0,20,0.01,0.001,
1696,31.0,32,0.01,0.001,
1697,37.0,38,0.01,0.001,
1698,25.0,26,0.01,0.001,
1699,67.0,68,0.01,0.001,
1700,63.0,64,0.01,0.001,51.6
1701,59.0,60,0.01,0.001,
1702,50.0,51,0.01,0.001,
1703,26.0,27,0.01,0.001,
1704,58.0,59,0.01,0.001,
1705,48.0,49,0.01,0.001,
1706,47.0,48,0.01,0.001,
1707,49.0,50,0.01,0.001,
1708,57.0,58,0.01,0.001,
1709,59.0,60,0.01,0.001,
1710,68.0,69,0.01,0.001,
1711,45.0,46,0.01,0.001,
1712,77.0,78,0.01,0.001,
1713,43.0,44,0.01,0.001,
1714,48.0,49,0.01,0.001,
1715,37.0,38,0.01,0.001,
1716,72.0,73,0.01,0.001,
1717,72.0,73,0.01,0.001,
1718,64.0,65,0.01,0.001,
1719,20.0,21,0.01,0.001,
1720,68.0,69,0.01,0.001,49.5
1721,78.0,79,0.01,0.001,
1722,59.0,60,0.01,0.001,
1723,33.0,34,0.01,0.001,
1724,55.0,56,0.01,0.001,
1725,69.0,70,0.01,0.001,
1726,57.0,58,0.01,0.001,
1727,21.0,22,0.01,0.001,
1728,70.0,71,0.01,0.001,
1729,54.0,55,0.01,0.001,
1730,34.0,35,0.01,0.001,
1731,68.0,69,0.01,0.001,
1732,38.0,39,0.01,0.001,
1733,55.0,56,0.01,0.001,
1734,64.0,65,0.01,0.001,
1735,33.0,34,0.01,0.001,
1736,44.0,45,0.01,0.001,
1737,56.0,57,0.01,0.001,
1738,48.0,49,0.01,0.001,
1739,33.0,34,0.01,0.001,
1740,41.0,42,0.01,0.001,47.1
1741,76.0,77,0.01,0.001,
1742,26.0,27,0.01,0.001,
1743,68.0,69,0.01,0.001,
1744,59.0,60,0.01,0.001,
1745,57.0,58,0.01,0.001,
1746,59.0,60,0.01,0.001,
1747,17.0,18,0.01,0.001,
1748,64.0,65,0.01,0.001,
1749,73.0,74,0.01,0.001,
1750,59.0,60,0.01,0.001,
1751,73.0,74,0.01,0.001,
1752,55.0,56,0.01,0.001,
1753,52.0,53,0.01,0.001,
1754,37.0,38,0.01,0.001,
1755,35.0,36,0.01,0.001,
1756,63.0,64,0.01,0.001,
1757,25.0,26,0.01,0.001,
1758,41.0,42,0.01,0.001,
1759,48.0,49,0.01,0.001,
1760,57.0,58,0.01,0.001,37.8
1761,64.0,65,0.01,0.001,
1762,48.0,49,0.01,0.001,
1763,54.0,55,0.01,0.001,
1764,56.0,57,0.01,0.001,
1765,14.0,15,0.01,0.001,
1766,19.0,20,0.01,0.001,
1767,61.0,62,0.01,0.001,
1768,51.0,52,0.01,0.001,
1769,54.0,55,0.01,0.001,
1770,60.0,61,0.01,0.001,
1771,62.0,63,0.01,0.001,
1772,19.0,20,0.01,0.001,
1773,82.0,83,0.01,0.001,
1774,56.0,57,0.01,0.001,
1775,41.0,42,0.01,0.001,
1776,61.0,62,0.01,0.001,
1777,23.0,24,0.01,0.001,
1778,42.0,43,0.01,0.001,
1779,77.0,78,0.01,0.001,
1780,38.0,39,0.01,0.001,53.7
1781,64.0,65,0.01,0.001,
1782,54.0,55,0.01,0.001,
1783,54.0,55,0.01,0.001,
1784,29.0,30,0.01,0.001,
1785,74.0,75,0.01,0.001,
1786,18.0,19,0.01,0.001,
1787,51.0,52,0.01,0.001,
1788,32.0,33,0.01,0.001,
1789,57.0,58,0.01,0.001,
1790,68.0,69,0.01,0.001,
1791,20.0,21,0.01,0.001,
1792,40.0,41,0.01,0.001,
1793,62.0,63,0.01,0.001,
1794,72.0,73,0.01,0.001,
1795,90.0,91,0.01,0.001,
1796,69.0,70,0.01,0.001,
1797,33.0,34,0.01,0.001,
1798,36.0,37,0.01,0.001,
1799,46.0,47,0.01,0.001,
1800,37.0,38,0.01,0.001,41.5
1801,57.0,58,0.01,0.001,
1802,55.0,56,0.01,0.001,
1803,48.0,49,0.01,0.001,
1804,52.0,53,0.01,0.001,
1805,59.0,60,0.01,0.001,
1806,38.0,39,0.01,0.001,
1807,56.0,57,0.01,0.001,
1808,48.0,49,0.01,0.001,
1809,49.0,50,0.01,0.001,
1810,38.0,39,0.01,0.001,
1811,16.0,17,0.01,0.001,
1812,74.0,75,0.01,0.001,
1813,53.0,54,0.01,0.001,
1814,35.0,36,0.01,0.001,
1815,52.0,53,0.01,0.001,
1816,44.0,45,0.01,0.001,
1817,56.0,57,0.01,0.001,
1818,65.0,66,0.01,0.001,
1819,46.0,47,0.01,0.001,
1820,69.0,70,0.01,0.001,43.2
1821,38.0,39,0.01,0.001,
1822,53.0,54,0.01,0.001,
1823,46.0,47,0.01,0.001,
1824,64.0,65,0.01,0.001,
1825,59.0,60,0.01,0.001,
1826,25.0,26,0.01,0.001,
1827,21.0,22,0.01,0.001,
1828,62.0,63,0.01,0.001,
1829,34.0,35,0.01,0.001,
1830,63.0,64,0.01,0.001,
1831,39.0,40,0.01,0.001,
1832,52.0,53,0.01,0.001,
1833,58.0,59,0.01,0.001,
1834,55.0,56,0.01,0.001,
1835,35.0,36,0.01,0.001,
1836,55.0,56,0.01,0.001,
1837,56.0,57,0.01,0.001,
1838,44.0,45,0.01,0.001,
1839,53.0,54,0.01,0.001,
1840,46.0,47,0.01,0.001,57.5
1841,66.0,67,0.01,0.001,
1842,70.0,71,0.01,0.001,
1843,41.0,42,0.01,0.001,
1844,23.0,24,0.01,0.001,
1845,21.0,22,0.01,0.001,
1846,48.0,49,0.01,0.001,
1847,62.0,63,0.01,0.001,
1848,36.0,37,0.01,0.001,
1849,38.0,39,0.01,0.001,
1850,53.0,54,0.01,0.001,
1851,58.0,59,0.01,0.001,
1852,63.0,64,0.01,0.001,
1853,42.0,43,0.01,0.001,
1854,49.0,50,0.01,0.001,
1855,69.0,70,0.01,0.001,
1856,37.0,38,0.01,0.001,
1857,56.0,57,0.01,0.001,
1858,83.0,84,0.01,0.001,
1859,56.0,57,0.01,0.001,
1860,36.0,37,0.01,0.001,46.6
1861,52.0,53,0.01,0.001,
1862,67.0,68,0.01,0.001,
1863,27.0,28,0.01,0.001,
1864,45.0,46,0.01,0.001,
1865,58.0,59,0.01,0.001,
1866,42.0,43,0.01,0.001,
1867,70.0,71,0.01,0.001,
1868,40.0,41,0.01,0.001,
1869,54.0,55,0.01,0.001,
1870,17.0,18,0.01,0.001,
1871,62.0,63,0.01,0.001,
1872,33.0,34,0.01,0.001,
1873,34.0,35,0.01,0.001,
1874,46.0,47,0.01,0.001,
1875,54.0,55,0.01,0.001,
1876,65.0,66,0.01,0.001,
1877,20.0,21,0.01,0.001,
1878,36.0,37,0.01,0.001,
1879,64.0,65,0.01,0.001,
1880,56.0,57,0.01,0.001,50.7
1881,21.0,22,0.01,0.001,
1882,17.0,18,0.01,0.001,
1883,56.0,57,0.01,0.001,
1884,17.0,18,0.01,0.001,
1885,49.0,50,0.01,0.001,
1886,38.0,39,0.01,0.001,
1887,59.0,60,0.01,0.001,
1888,66.0,67,0.01,0.001,
1889,61.0,62,0.01,0.001,
1890,74.0,75,0.01,0.001,
1891,40.0,41,0.01,0.001,
1892,37.0,38,0.01,0.001,
1893,60.0,61,0.01,0.001,
1894,53.0,54,0.01,0.001,
1895,74.0,75,0.01,0.001,
1896,26.0,27,0.01,0.001,
1897,50.0,51,0.01,0.001,
1898,62.0,63,0.01,0.001,
1899,34.0,35,0.01,0.001,
1900,81.0,82,0.01,0.001,46.4
1901,64.0,65,0.01,0.001,
1902,77.0,78,0.01,0.001,
1903,54.0,55,0.01,0.001,
1904,74.0,75,0.01,0.001,
1905,19.0,20,0.01,0.001,
1906,54.0,55,0.01,0.001,
1907,46.0,47,0.01,0.001,
1908,21.0,22,0.01,0.001,
1909,36.0,37,0.01,0.001,
1910,46.0,47,0.01,0.001,
1911,62.0,63,0.01,0.001,
1912,54.0,55,0.01,0.001,
1913,34.0,35,0.01,0.001,
1914,38.0,39,0.01,0.001,
1915,25.0,26,0.01,0.001,
1916,63.0,64,0.01,0.001,
1917,67.0,68,0.01,0.001,
1918,81.0,82,0.01,0.001,
1919,42.0,43,0.01,0.001,
1920,29.0,30,0.01,0.001,54.8
1921,62.0,63,0.01,0.001,
1922,87.0,88,0.01,0.001,
1923,46.0,47,0.01,0.001,
1924,30.0,31,0.01,0.001,
1925,19.0,20,0.01,0.001,
1926,45.0,46,0.01,0.001,
1927,43.0,44,0.01,0.001,
1928,64.0,65,0.01,0.001,
1929,80.0,81,0.01,0.001,
1930,31.0,32,0.01,0.001,
1931,59.0,60,0.01,0.001,
1932,25.0,26,0.01,0.001,
1933,29.0,30,0.01,0.001,
1934,73.0,74,0.01,0.001,
1935,58.0,59,0.01,0.001,
1936,57.0,58,0.01,0.001,
1937,60.0,61,0.01,0.001,
1938,56.0,57,0.01,0.001,
1939,56.0,57,0.01,0.001,
1940,56.0,57,0.01,0.001,43.4
1941,50.0,51,0.01,0.001,
1942,56.0,57,0.01,0.001,
1943,66.0,67,0.01,0.001,
1944,48.0,49,0.01,0.001,
1945,69.0,70,0.01,0.001,
1946,25.0,26,0.01,0.001,
1947,26.0,27,0.01,0.001,
1948,52.0,53,0.01,0.001,
1949,61.0,62,0.01,0.001,
1950,22.0,23,0.01,0.001,
1951,46.0,47,0.01,0.001,
1952,36.0,37,0.01,0.001,
1953,62.0,63,0.01,0.001,
1954,62.0,63,0.01,0.001,
1955,36.0,37,0.01,0.001,
1956,39.0,40,0.01,0.001,
1957,38.0,39,0.01,0.001,
1958,28.0,29,0.01,0.001,
1959,52.0,53,0.01,0.001,
1960,71.0,72,0.01,0.001,53.1
1961,53.0,54,0.01,0.001,
1962,38.0,39,0.01,0.001,
1963,62.0,63,0.01,0.001,
1964,63.0,64,0.01,0.001,
1965,80.0,81,0.01,0.001,
1966,49.0,50,0.01,0.001,
1967,56.0,57,0.01,0.001,
1968,53.0,54,0.01,0.001,
1969,50.0,51,0.01,0.001,
1970,74.0,75,0.01,0.001,
1971,20.0,21,0.01,0.001,
1972,24.0,25,0.01,0.001,
1973,31.0,32,0.01,0.001,
1974,16.0,17,0.01,0.001,
1975,44.0,45,0.01,0.001,
1976,35.0,36,0.01,0.001,
1977,66.0,67,0.01,0.001,
1978,58.0,59,0.01,0.001,
1979,58.0,59,0.01,0.001,
1980,68.0,69,0.01,0.001,49.3
1981,44.0,45,0.01,0.001,
1982,48.0,49,0.01,0.001,
1983,42.0,43,0.01,0.001,
1984,31.0,32,0.01,0.001,
1985,74.0,75,0.01,0.001,
1986,18.0,19,0.01,0.001,
1987,83.0,84,0.01,0.001,
1988,69.0,70,0.01,0.001,
1989,31.0,32,0.01,0.001,
1990,70.0,71,0.01,0.001,
1991,55.0,56,0.01,0.001,
1992,47.0,48,0.01,0.001,
1993,36.0,37,0.01,0.001,
1994,53.0,54,0.01,0.001,
1995,17.0,18,0.01,0.001,
1996,64.0,65,0.01,0.001,
1997,44.0,45,0.01,0.001,
1998,60.0,61,0.01,0.001,
1999,23.0,24,0.01,0.001,
2000,54.0,55,0.01,0.001,50.4
