episode,reward,length,epsilon,lr,eval_reward
1,17.0,18,1.0,0.03,
2,26.0,27,0.9614057956810849,0.03,
3,21.0,22,0.9243011039691799,0.03,
4,30.0,31,0.8886284383103945,0.03,
5,30.0,31,0.8543325307986447,0.03,
6,16.0,17,0.821360246548706,0.03,
7,8.0,9,0.7896605013739707,0.03,
8,36.0,37,0.7591841826413667,0.03,
9,13.0,14,0.7298840731808172,0.03,
10,26.0,27,0.7017147781313547,0.03,
11,30.0,31,0.674632654610551,0.03,
12,31.0,32,0.6485957440982992,0.03,
13,12.0,13,0.6235637074301906,0.03,
14,38.0,39,0.5994977622997696,0.03,
15,28.0,29,0.5763606231728399,0.03,
16,21.0,22,0.5541164435207301,0.03,
17,14.0,15,0.5327307602830205,0.03,
18,10.0,11,0.5121704404736865,0.03,
19,19.0,20,0.49240362984793634,0.03,
20,14.0,15,0.4733997035502096,0.03,23.7
21,10.0,11,0.45512921866687894,0.03,
22,10.0,11,0.43756386861014124,0.03,
23,48.0,49,0.4206764392624265,0.03,
24,13.0,14,0.4044407668133787,0.03,
25,39.0,40,0.38883169722408445,0.03,
26,12.0,13,0.3738250472557476,0.03,
27,8.0,9,0.3593975670024312,0.03,
28,32.0,33,0.3455269038698184,0.03,
29,13.0,14,0.3321915679441845,0.03,
30,16.0,17,0.31937089869792584,0.03,
31,33.0,34,0.3070450329800625,0.03,
32,10.0,11,0.29519487424212193,0.03,
33,21.0,22,0.283802062951725,0.03,
34,60.0,61,0.2728489481480365,0.03,
35,35.0,36,0.2623185600950101,0.03,
36,96.0,97,0.2521945839900597,0.03,
37,75.0,76,0.2424613346874235,0.03,
38,11.0,12,0.23310373239706023,0.03,
39,11.0,12,0.22410727932142638,0.03,
40,9.0,10,0.21545803719393905,0.03,47.4
41,23.0,24,0.20714260568432374,0.03,
42,9.0,10,0.19914810163739047,0.03,
43,39.0,40,0.19146213911307294,0.03,
44,38.0,39,0.18407281019680646,0.03,
45,45.0,46,0.17696866655051402,0.03,
46,16.0,17,0.1701387016756175,0.03,
47,60.0,61,0.16357233386059378,0.03,
48,10.0,11,0.1572593897866562,0.03,
49,8.0,9,0.15119008876616208,0.03,
50,39.0,40,0.1453550275893259,0.03,
51,9.0,10,0.1397451659557619,0.03,
52,32.0,33,0.1343518124682845,0.03,
53,24.0,25,0.12916661116726696,0.03,
54,8.0,9,0.1241815285846956,0.03,
55,34.0,35,0.11938884129786266,0.03,
56,10.0,11,0.11478112396341442,0.03,
57,86.0,87,0.11035123781321568,0.03,
58,73.0,74,0.10609231959420724,0.03,
59,57.0,58,0.10199777093512076,0.03,
60,10.0,11,0.0980612481235768,0.03,28.9
61,84.0,85,0.09427665227772765,0.03,
62,58.0,59,0.0906381198972177,0.03,
63,13.0,14,0.08714001377882216,0.03,
64,36.0,37,0.08377691428268921,0.03,
65,10.0,11,0.08054361093565486,0.03,
66,88.0,89,0.07743509435862099,0.03,
67,75.0,76,0.0744465485054899,0.03,
68,109.0,110,0.071573343201631,0.03,
69,16.0,17,0.06881102697031942,0.03,
70,40.0,41,0.06615532013603254,0.03,
71,8.0,9,0.06360210819391926,0.03,
72,55.0,56,0.061147435435169394,0.03,
73,43.0,44,0.058787498818406794,0.03,
74,8.0,9,0.05651864207761122,0.03,
75,11.0,12,0.054337350057440253,0.03,
76,35.0,36,0.05224024326717499,0.03,
77,8.0,9,0.050224072644851805,0.03,
78,31.0,32,0.04828571452346836,0.03,
79,19.0,20,0.04642216579146481,0.03,
80,31.0,32,0.04463053923998247,0.03,39.5
81,10.0,11,0.042908059089691225,0.03,
82,85.0,86,0.0412520566902556,0.03,
83,12.0,13,0.0396599663857764,0.03,
84,16.0,17,0.03812932153980244,0.03,
85,17.0,18,0.03665775071375369,0.03,
86,66.0,67,0.03524297399283522,0.03,
87,12.0,13,0.03388279945374953,0.03,
88,83.0,84,0.032575119768734694,0.03,
89,15.0,16,0.031317908940667015,0.03,
90,91.0,92,0.030109219164169733,0.03,
91,62.0,63,0.028947177807864773,0.03,
92,139.0,140,0.027829984513092074,0.03,
93,26.0,27,0.026755908404601556,0.03,
94,41.0,42,0.025723285408896183,0.03,
95,8.0,9,0.024730515676071475,0.03,
96,13.0,14,0.02377606110115704,0.03,
97,8.0,9,0.022858442941119973,0.03,
98,8.0,9,0.021976239523838127,0.03,
99,41.0,42,0.0211280840454937,0.03,
100,30.0,31,0.020312662452974705,0.03,61.3
101,55.0,56,0.019528711408003444,0.03,
102,10.0,11,0.01877501632983783,0.03,
103,25.0,26,0.0180504095135131,0.03,
104,54.0,55,0.017353768320708486,0.03,
105,110.0,111,0.016684013440435946,0.03,
106,26.0,27,0.016040107216856236,0.03,
107,9.0,10,0.015421052041631581,0.03,
108,56.0,57,0.01482588880832423,0.03,
109,10.0,11,0.014253695426446247,0.03,
110,32.0,33,0.013703585392858394,0.03,
111,9.0,10,0.013174706418304717,0.03,
112,14.0,15,0.012666239106954942,0.03,
113,8.0,9,0.01217739568690889,0.03,
114,69.0,70,0.011707418789696052,0.03,
115,8.0,9,0.011255580276879416,0.03,
116,64.0,65,0.010821180111945581,0.03,
117,79.0,80,0.010403545275733372,0.03,
118,31.0,32,0.010002028723720633,0.03,
119,12.0,13,0.01,0.03,
120,10.0,11,0.01,0.03,54.3
121,104.0,105,0.01,0.03,
122,33.0,34,0.01,0.03,
123,29.0,30,0.01,0.03,
124,111.0,112,0.01,0.03,
125,9.0,10,0.01,0.03,
126,48.0,49,0.01,0.03,
127,9.0,10,0.01,0.03,
128,60.0,61,0.01,0.03,
129,12.0,13,0.01,0.03,
130,27.0,28,0.01,0.03,
131,53.0,54,0.01,0.03,
132,30.0,31,0.01,0.03,
133,13.0,14,0.01,0.03,
134,106.0,107,0.01,0.03,
135,20.0,21,0.01,0.03,
136,50.0,51,0.01,0.03,
137,10.0,11,0.01,0.03,
138,11.0,12,0.01,0.03,
139,38.0,39,0.01,0.03,
140,9.0,10,0.01,0.03,53.7
141,73.0,74,0.01,0.03,
142,89.0,90,0.01,0.03,
143,7.0,8,0.01,0.03,
144,10.0,11,0.01,0.03,
145,109.0,110,0.01,0.03,
146,17.0,18,0.01,0.03,
147,35.0,36,0.01,0.03,
148,49.0,50,0.01,0.03,
149,76.0,77,0.01,0.03,
150,9.0,10,0.01,0.03,
151,78.0,79,0.01,0.03,
152,84.0,85,0.01,0.03,
153,9.0,10,0.01,0.03,
154,9.0,10,0.01,0.03,
155,25.0,26,0.01,0.03,
156,10.0,11,0.01,0.03,
157,35.0,36,0.01,0.03,
158,40.0,41,0.01,0.03,
159,51.0,52,0.01,0.03,
160,9.0,10,0.01,0.03,52.7
161,64.0,65,0.01,0.03,
162,82.0,83,0.01,0.03,
163,52.0,53,0.01,0.03,
164,44.0,45,0.01,0.03,
165,63.0,64,0.01,0.03,
166,9.0,10,0.01,0.03,
167,54.0,55,0.01,0.03,
168,41.0,42,0.01,0.03,
169,23.0,24,0.01,0.03,
170,27.0,28,0.01,0.03,
171,85.0,86,0.01,0.03,
172,8.0,9,0.01,0.03,
173,16.0,17,0.01,0.03,
174,82.0,83,0.01,0.03,
175,101.0,102,0.01,0.03,
176,42.0,43,0.01,0.03,
177,10.0,11,0.01,0.03,
178,52.0,53,0.01,0.03,
179,40.0,41,0.01,0.03,
180,66.0,67,0.01,0.03,32.9
181,44.0,45,0.01,0.03,
182,11.0,12,0.01,0.03,
183,21.0,22,0.01,0.03,
184,82.0,83,0.01,0.03,
185,130.0,131,0.01,0.03,
186,12.0,13,0.01,0.03,
187,27.0,28,0.01,0.03,
188,10.0,11,0.01,0.03,
189,8.0,9,0.01,0.03,
190,10.0,11,0.01,0.03,
191,39.0,40,0.01,0.03,
192,59.0,60,0.01,0.03,
193,21.0,22,0.01,0.03,
194,9.0,10,0.01,0.03,
195,152.0,153,0.01,0.03,
196,46.0,47,0.01,0.03,
197,42.0,43,0.01,0.03,
198,92.0,93,0.01,0.03,
199,81.0,82,0.01,0.03,
200,8.0,9,0.01,0.03,32.1
201,9.0,10,0.01,0.03,
202,110.0,111,0.01,0.03,
203,8.0,9,0.01,0.03,
204,21.0,22,0.01,0.03,
205,9.0,10,0.01,0.03,
206,8.0,9,0.01,0.03,
207,48.0,49,0.01,0.03,
208,11.0,12,0.01,0.03,
209,100.0,101,0.01,0.03,
210,23.0,24,0.01,0.03,
211,15.0,16,0.01,0.03,
212,83.0,84,0.01,0.03,
213,16.0,17,0.01,0.03,
214,21.0,22,0.01,0.03,
215,86.0,87,0.01,0.03,
216,9.0,10,0.01,0.03,
217,46.0,47,0.01,0.03,
218,40.0,41,0.01,0.03,
219,104.0,105,0.01,0.03,
220,44.0,45,0.01,0.03,47.7
221,49.0,50,0.01,0.03,
222,8.0,9,0.01,0.03,
223,48.0,49,0.01,0.03,
224,68.0,69,0.01,0.03,
225,18.0,19,0.01,0.03,
226,10.0,11,0.01,0.03,
227,104.0,105,0.01,0.03,
228,56.0,57,0.01,0.03,
229,43.0,44,0.01,0.03,
230,24.0,25,0.01,0.03,
231,67.0,68,0.01,0.03,
232,35.0,36,0.01,0.03,
233,41.0,42,0.01,0.03,
234,66.0,67,0.01,0.03,
235,9.0,10,0.01,0.03,
236,29.0,30,0.01,0.03,
237,19.0,20,0.01,0.03,
238,11.0,12,0.01,0.03,
239,72.0,73,0.01,0.03,
240,121.0,122,0.01,0.03,60.5
241,118.0,119,0.01,0.03,
242,102.0,103,0.01,0.03,
243,122.0,123,0.01,0.03,
244,82.0,83,0.01,0.03,
245,11.0,12,0.01,0.03,
246,68.0,69,0.01,0.03,
247,50.0,51,0.01,0.03,
248,10.0,11,0.01,0.03,
249,13.0,14,0.01,0.03,
250,111.0,112,0.01,0.03,
251,76.0,77,0.01,0.03,
252,29.0,30,0.01,0.03,
253,72.0,73,0.01,0.03,
254,10.0,11,0.01,0.03,
255,44.0,45,0.01,0.03,
256,12.0,13,0.01,0.03,
257,10.0,11,0.01,0.03,
258,33.0,34,0.01,0.03,
259,10.0,11,0.01,0.03,
260,11.0,12,0.01,0.03,37.2
261,73.0,74,0.01,0.03,
262,55.0,56,0.01,0.03,
263,128.0,129,0.01,0.03,
264,91.0,92,0.01,0.03,
265,56.0,57,0.01,0.03,
266,32.0,33,0.01,0.03,
267,37.0,38,0.01,0.03,
268,74.0,75,0.01,0.03,
269,63.0,64,0.01,0.03,
270,59.0,60,0.01,0.03,
271,16.0,17,0.01,0.03,
272,8.0,9,0.01,0.03,
273,96.0,97,0.01,0.03,
274,76.0,77,0.01,0.03,
275,37.0,38,0.01,0.03,
276,39.0,40,0.01,0.03,
277,9.0,10,0.01,0.03,
278,9.0,10,0.01,0.03,
279,18.0,19,0.01,0.03,
280,109.0,110,0.01,0.03,59.4
281,15.0,16,0.01,0.03,
282,10.0,11,0.01,0.03,
283,46.0,47,0.01,0.03,
284,23.0,24,0.01,0.03,
285,76.0,77,0.01,0.03,
286,47.0,48,0.01,0.03,
287,128.0,129,0.01,0.03,
288,150.0,151,0.01,0.03,
289,70.0,71,0.01,0.03,
290,76.0,77,0.01,0.03,
291,39.0,40,0.01,0.03,
292,18.0,19,0.01,0.03,
293,16.0,17,0.01,0.03,
294,8.0,9,0.01,0.03,
295,31.0,32,0.01,0.03,
296,13.0,14,0.01,0.03,
297,27.0,28,0.01,0.03,
298,50.0,51,0.01,0.03,
299,12.0,13,0.01,0.03,
300,87.0,88,0.01,0.03,45.7
301,10.0,11,0.01,0.03,
302,11.0,12,0.01,0.03,
303,78.0,79,0.01,0.03,
304,88.0,89,0.01,0.03,
305,14.0,15,0.01,0.03,
306,20.0,21,0.01,0.03,
307,88.0,89,0.01,0.03,
308,105.0,106,0.01,0.03,
309,11.0,12,0.01,0.03,
310,10.0,11,0.01,0.03,
311,10.0,11,0.01,0.03,
312,62.0,63,0.01,0.03,
313,39.0,40,0.01,0.03,
314,61.0,62,0.01,0.03,
315,107.0,108,0.01,0.03,
316,110.0,111,0.01,0.03,
317,50.0,51,0.01,0.03,
318,9.0,10,0.01,0.03,
319,111.0,112,0.01,0.03,
320,45.0,46,0.01,0.03,35.4
321,8.0,9,0.01,0.03,
322,8.0,9,0.01,0.03,
323,63.0,64,0.01,0.03,
324,70.0,71,0.01,0.03,
325,55.0,56,0.01,0.03,
326,76.0,77,0.01,0.03,
327,7.0,8,0.01,0.03,
328,18.0,19,0.01,0.03,
329,58.0,59,0.01,0.03,
330,70.0,71,0.01,0.03,
331,76.0,77,0.01,0.03,
332,8.0,9,0.01,0.03,
333,115.0,116,0.01,0.03,
334,25.0,26,0.01,0.03,
335,64.0,65,0.01,0.03,
336,31.0,32,0.01,0.03,
337,10.0,11,0.01,0.03,
338,10.0,11,0.01,0.03,
339,94.0,95,0.01,0.03,
340,48.0,49,0.01,0.03,38.7
341,11.0,12,0.01,0.03,
342,96.0,97,0.01,0.03,
343,21.0,22,0.01,0.03,
344,29.0,30,0.01,0.03,
345,20.0,21,0.01,0.03,
346,91.0,92,0.01,0.03,
347,42.0,43,0.01,0.03,
348,45.0,46,0.01,0.03,
349,138.0,139,0.01,0.03,
350,111.0,112,0.01,0.03,
351,41.0,42,0.01,0.03,
352,32.0,33,0.01,0.03,
353,45.0,46,0.01,0.03,
354,11.0,12,0.01,0.03,
355,43.0,44,0.01,0.03,
356,56.0,57,0.01,0.03,
357,9.0,10,0.01,0.03,
358,41.0,42,0.01,0.03,
359,39.0,40,0.01,0.03,
360,7.0,8,0.01,0.03,46.9
361,9.0,10,0.01,0.03,
362,120.0,121,0.01,0.03,
363,81.0,82,0.01,0.03,
364,9.0,10,0.01,0.03,
365,34.0,35,0.01,0.03,
366,40.0,41,0.01,0.03,
367,26.0,27,0.01,0.03,
368,11.0,12,0.01,0.03,
369,117.0,118,0.01,0.03,
370,13.0,14,0.01,0.03,
371,75.0,76,0.01,0.03,
372,10.0,11,0.01,0.03,
373,15.0,16,0.01,0.03,
374,59.0,60,0.01,0.03,
375,83.0,84,0.01,0.03,
376,10.0,11,0.01,0.03,
377,37.0,38,0.01,0.03,
378,53.0,54,0.01,0.03,
379,39.0,40,0.01,0.03,
380,79.0,80,0.01,0.03,53.5
381,83.0,84,0.01,0.03,
382,31.0,32,0.01,0.03,
383,9.0,10,0.01,0.03,
384,20.0,21,0.01,0.03,
385,22.0,23,0.01,0.03,
386,18.0,19,0.01,0.03,
387,77.0,78,0.01,0.03,
388,41.0,42,0.01,0.03,
389,91.0,92,0.01,0.03,
390,78.0,79,0.01,0.03,
391,35.0,36,0.01,0.03,
392,8.0,9,0.01,0.03,
393,38.0,39,0.01,0.03,
394,50.0,51,0.01,0.03,
395,82.0,83,0.01,0.03,
396,86.0,87,0.01,0.03,
397,87.0,88,0.01,0.03,
398,10.0,11,0.01,0.03,
399,82.0,83,0.01,0.03,
400,11.0,12,0.01,0.03,54.5
401,60.0,61,0.01,0.03,
402,13.0,14,0.01,0.03,
403,72.0,73,0.01,0.03,
404,97.0,98,0.01,0.03,
405,59.0,60,0.01,0.03,
406,41.0,42,0.01,0.03,
407,7.0,8,0.01,0.03,
408,29.0,30,0.01,0.03,
409,25.0,26,0.01,0.03,
410,68.0,69,0.01,0.03,
411,17.0,18,0.01,0.03,
412,14.0,15,0.01,0.03,
413,12.0,13,0.01,0.03,
414,46.0,47,0.01,0.03,
415,35.0,36,0.01,0.03,
416,86.0,87,0.01,0.03,
417,65.0,66,0.01,0.03,
418,133.0,134,0.01,0.03,
419,85.0,86,0.01,0.03,
420,81.0,82,0.01,0.03,46.3
421,22.0,23,0.01,0.03,
422,8.0,9,0.01,0.03,
423,8.0,9,0.01,0.03,
424,31.0,32,0.01,0.03,
425,120.0,121,0.01,0.03,
426,37.0,38,0.01,0.03,
427,35.0,36,0.01,0.03,
428,85.0,86,0.01,0.03,
429,9.0,10,0.01,0.03,
430,10.0,11,0.01,0.03,
431,11.0,12,0.01,0.03,
432,39.0,40,0.01,0.03,
433,114.0,115,0.01,0.03,
434,116.0,117,0.01,0.03,
435,13.0,14,0.01,0.03,
436,84.0,85,0.01,0.03,
437,33.0,34,0.01,0.03,
438,74.0,75,0.01,0.03,
439,43.0,44,0.01,0.03,
440,74.0,75,0.01,0.03,30.8
441,119.0,120,0.01,0.03,
442,12.0,13,0.01,0.03,
443,15.0,16,0.01,0.03,
444,10.0,11,0.01,0.03,
445,10.0,11,0.01,0.03,
446,8.0,9,0.01,0.03,
447,10.0,11,0.01,0.03,
448,12.0,13,0.01,0.03,
449,64.0,65,0.01,0.03,
450,54.0,55,0.01,0.03,
451,49.0,50,0.01,0.03,
452,54.0,55,0.01,0.03,
453,8.0,9,0.01,0.03,
454,8.0,9,0.01,0.03,
455,71.0,72,0.01,0.03,
456,102.0,103,0.01,0.03,
457,11.0,12,0.01,0.03,
458,117.0,118,0.01,0.03,
459,40.0,41,0.01,0.03,
460,13.0,14,0.01,0.03,58.9
461,10.0,11,0.01,0.03,
462,46.0,47,0.01,0.03,
463,84.0,85,0.01,0.03,
464,81.0,82,0.01,0.03,
465,41.0,42,0.01,0.03,
466,9.0,10,0.01,0.03,
467,46.0,47,0.01,0.03,
468,15.0,16,0.01,0.03,
469,38.0,39,0.01,0.03,
470,37.0,38,0.01,0.03,
471,118.0,119,0.01,0.03,
472,104.0,105,0.01,0.03,
473,12.0,13,0.01,0.03,
474,26.0,27,0.01,0.03,
475,11.0,12,0.01,0.03,
476,20.0,21,0.01,0.03,
477,75.0,76,0.01,0.03,
478,65.0,66,0.01,0.03,
479,19.0,20,0.01,0.03,
480,53.0,54,0.01,0.03,60.9
481,8.0,9,0.01,0.03,
482,91.0,92,0.01,0.03,
483,85.0,86,0.01,0.03,
484,47.0,48,0.01,0.03,
485,9.0,10,0.01,0.03,
486,41.0,42,0.01,0.03,
487,139.0,140,0.01,0.03,
488,48.0,49,0.01,0.03,
489,85.0,86,0.01,0.03,
490,15.0,16,0.01,0.03,
491,7.0,8,0.01,0.03,
492,21.0,22,0.01,0.03,
493,108.0,109,0.01,0.03,
494,69.0,70,0.01,0.03,
495,35.0,36,0.01,0.03,
496,42.0,43,0.01,0.03,
497,9.0,10,0.01,0.03,
498,91.0,92,0.01,0.03,
499,88.0,89,0.01,0.03,
500,10.0,11,0.01,0.03,44.3
501,8.0,9,0.01,0.03,
502,9.0,10,0.01,0.03,
503,77.0,78,0.01,0.03,
504,9.0,10,0.01,0.03,
505,9.0,10,0.01,0.03,
506,31.0,32,0.01,0.03,
507,45.0,46,0.01,0.03,
508,11.0,12,0.01,0.03,
509,125.0,126,0.01,0.03,
510,92.0,93,0.01,0.03,
511,50.0,51,0.01,0.03,
512,48.0,49,0.01,0.03,
513,83.0,84,0.01,0.03,
514,151.0,152,0.01,0.03,
515,19.0,20,0.01,0.03,
516,64.0,65,0.01,0.03,
517,39.0,40,0.01,0.03,
518,22.0,23,0.01,0.03,
519,9.0,10,0.01,0.03,
520,11.0,12,0.01,0.03,38.7
521,8.0,9,0.01,0.03,
522,8.0,9,0.01,0.03,
523,81.0,82,0.01,0.03,
524,28.0,29,0.01,0.03,
525,99.0,100,0.01,0.03,
526,14.0,15,0.01,0.03,
527,139.0,140,0.01,0.03,
528,152.0,153,0.01,0.03,
529,29.0,30,0.01,0.03,
530,9.0,10,0.01,0.03,
531,79.0,80,0.01,0.03,
532,8.0,9,0.01,0.03,
533,15.0,16,0.01,0.03,
534,10.0,11,0.01,0.03,
535,11.0,12,0.01,0.03,
536,23.0,24,0.01,0.03,
537,12.0,13,0.01,0.03,
538,107.0,108,0.01,0.03,
539,28.0,29,0.01,0.03,
540,9.0,10,0.01,0.03,39.8
541,78.0,79,0.01,0.03,
542,9.0,10,0.01,0.03,
543,9.0,10,0.01,0.03,
544,10.0,11,0.01,0.03,
545,74.0,75,0.01,0.03,
546,10.0,11,0.01,0.03,
547,145.0,146,0.01,0.03,
548,85.0,86,0.01,0.03,
549,34.0,35,0.01,0.03,
550,54.0,55,0.01,0.03,
551,95.0,96,0.01,0.03,
552,10.0,11,0.01,0.03,
553,23.0,24,0.01,0.03,
554,8.0,9,0.01,0.03,
555,29.0,30,0.01,0.03,
556,26.0,27,0.01,0.03,
557,81.0,82,0.01,0.03,
558,46.0,47,0.01,0.03,
559,104.0,105,0.01,0.03,
560,101.0,102,0.01,0.03,44.2
561,46.0,47,0.01,0.03,
562,10.0,11,0.01,0.03,
563,10.0,11,0.01,0.03,
564,50.0,51,0.01,0.03,
565,9.0,10,0.01,0.03,
566,9.0,10,0.01,0.03,
567,33.0,34,0.01,0.03,
568,48.0,49,0.01,0.03,
569,50.0,51,0.01,0.03,
570,44.0,45,0.01,0.03,
571,41.0,42,0.01,0.03,
572,54.0,55,0.01,0.03,
573,10.0,11,0.01,0.03,
574,22.0,23,0.01,0.03,
575,90.0,91,0.01,0.03,
576,11.0,12,0.01,0.03,
577,10.0,11,0.01,0.03,
578,96.0,97,0.01,0.03,
579,8.0,9,0.01,0.03,
580,58.0,59,0.01,0.03,27.8
581,9.0,10,0.01,0.03,
582,72.0,73,0.01,0.03,
583,157.0,158,0.01,0.03,
584,102.0,103,0.01,0.03,
585,71.0,72,0.01,0.03,
586,79.0,80,0.01,0.03,
587,35.0,36,0.01,0.03,
588,48.0,49,0.01,0.03,
589,83.0,84,0.01,0.03,
590,33.0,34,0.01,0.03,
591,118.0,119,0.01,0.03,
592,51.0,52,0.01,0.03,
593,11.0,12,0.01,0.03,
594,10.0,11,0.01,0.03,
595,84.0,85,0.01,0.03,
596,9.0,10,0.01,0.03,
597,42.0,43,0.01,0.03,
598,33.0,34,0.01,0.03,
599,16.0,17,0.01,0.03,
600,76.0,77,0.01,0.03,44.0
601,127.0,128,0.01,0.03,
602,51.0,52,0.01,0.03,
603,106.0,107,0.01,0.03,
604,95.0,96,0.01,0.03,
605,36.0,37,0.01,0.03,
606,75.0,76,0.01,0.03,
607,14.0,15,0.01,0.03,
608,89.0,90,0.01,0.03,
609,150.0,151,0.01,0.03,
610,80.0,81,0.01,0.03,
611,18.0,19,0.01,0.03,
612,18.0,19,0.01,0.03,
613,13.0,14,0.01,0.03,
614,52.0,53,0.01,0.03,
615,46.0,47,0.01,0.03,
616,75.0,76,0.01,0.03,
617,9.0,10,0.01,0.03,
618,47.0,48,0.01,0.03,
619,60.0,61,0.01,0.03,
620,41.0,42,0.01,0.03,41.9
621,107.0,108,0.01,0.03,
622,81.0,82,0.01,0.03,
623,143.0,144,0.01,0.03,
624,37.0,38,0.01,0.03,
625,77.0,78,0.01,0.03,
626,23.0,24,0.01,0.03,
627,31.0,32,0.01,0.03,
628,87.0,88,0.01,0.03,
629,102.0,103,0.01,0.03,
630,10.0,11,0.01,0.03,
631,37.0,38,0.01,0.03,
632,162.0,163,0.01,0.03,
633,35.0,36,0.01,0.03,
634,26.0,27,0.01,0.03,
635,25.0,26,0.01,0.03,
636,86.0,87,0.01,0.03,
637,31.0,32,0.01,0.03,
638,88.0,89,0.01,0.03,
639,126.0,127,0.01,0.03,
640,20.0,21,0.01,0.03,41.3
641,127.0,128,0.01,0.03,
642,77.0,78,0.01,0.03,
643,17.0,18,0.01,0.03,
644,119.0,120,0.01,0.03,
645,22.0,23,0.01,0.03,
646,8.0,9,0.01,0.03,
647,51.0,52,0.01,0.03,
648,110.0,111,0.01,0.03,
649,32.0,33,0.01,0.03,
650,44.0,45,0.01,0.03,
651,10.0,11,0.01,0.03,
652,36.0,37,0.01,0.03,
653,33.0,34,0.01,0.03,
654,97.0,98,0.01,0.03,
655,111.0,112,0.01,0.03,
656,41.0,42,0.01,0.03,
657,76.0,77,0.01,0.03,
658,95.0,96,0.01,0.03,
659,7.0,8,0.01,0.03,
660,69.0,70,0.01,0.03,37.5
661,33.0,34,0.01,0.03,
662,14.0,15,0.01,0.03,
663,10.0,11,0.01,0.03,
664,43.0,44,0.01,0.03,
665,105.0,106,0.01,0.03,
666,98.0,99,0.01,0.03,
667,92.0,93,0.01,0.03,
668,25.0,26,0.01,0.03,
669,57.0,58,0.01,0.03,
670,62.0,63,0.01,0.03,
671,9.0,10,0.01,0.03,
672,14.0,15,0.01,0.03,
673,9.0,10,0.01,0.03,
674,8.0,9,0.01,0.03,
675,69.0,70,0.01,0.03,
676,88.0,89,0.01,0.03,
677,8.0,9,0.01,0.03,
678,7.0,8,0.01,0.03,
679,48.0,49,0.01,0.03,
680,9.0,10,0.01,0.03,45.8
681,9.0,10,0.01,0.03,
682,26.0,27,0.01,0.03,
683,92.0,93,0.01,0.03,
684,142.0,143,0.01,0.03,
685,51.0,52,0.01,0.03,
686,111.0,112,0.01,0.03,
687,127.0,128,0.01,0.03,
688,45.0,46,0.01,0.03,
689,13.0,14,0.01,0.03,
690,100.0,101,0.01,0.03,
691,14.0,15,0.01,0.03,
692,47.0,48,0.01,0.03,
693,70.0,71,0.01,0.03,
694,74.0,75,0.01,0.03,
695,112.0,113,0.01,0.03,
696,12.0,13,0.01,0.03,
697,10.0,11,0.01,0.03,
698,48.0,49,0.01,0.03,
699,8.0,9,0.01,0.03,
700,10.0,11,0.01,0.03,59.4
701,70.0,71,0.01,0.03,
702,77.0,78,0.01,0.03,
703,10.0,11,0.01,0.03,
704,38.0,39,0.01,0.03,
705,137.0,138,0.01,0.03,
706,50.0,51,0.01,0.03,
707,127.0,128,0.01,0.03,
708,9.0,10,0.01,0.03,
709,19.0,20,0.01,0.03,
710,8.0,9,0.01,0.03,
711,100.0,101,0.01,0.03,
712,67.0,68,0.01,0.03,
713,8.0,9,0.01,0.03,
714,11.0,12,0.01,0.03,
715,114.0,115,0.01,0.03,
716,15.0,16,0.01,0.03,
717,33.0,34,0.01,0.03,
718,10.0,11,0.01,0.03,
719,41.0,42,0.01,0.03,
720,8.0,9,0.01,0.03,57.3
721,7.0,8,0.01,0.03,
722,7.0,8,0.01,0.03,
723,39.0,40,0.01,0.03,
724,103.0,104,0.01,0.03,
725,69.0,70,0.01,0.03,
726,22.0,23,0.01,0.03,
727,9.0,10,0.01,0.03,
728,33.0,34,0.01,0.03,
729,8.0,9,0.01,0.03,
730,16.0,17,0.01,0.03,
731,35.0,36,0.01,0.03,
732,8.0,9,0.01,0.03,
733,74.0,75,0.01,0.03,
734,101.0,102,0.01,0.03,
735,48.0,49,0.01,0.03,
736,16.0,17,0.01,0.03,
737,11.0,12,0.01,0.03,
738,44.0,45,0.01,0.03,
739,13.0,14,0.01,0.03,
740,12.0,13,0.01,0.03,37.7
741,15.0,16,0.01,0.03,
742,11.0,12,0.01,0.03,
743,49.0,50,0.01,0.03,
744,11.0,12,0.01,0.03,
745,9.0,10,0.01,0.03,
746,54.0,55,0.01,0.03,
747,102.0,103,0.01,0.03,
748,35.0,36,0.01,0.03,
749,13.0,14,0.01,0.03,
750,15.0,16,0.01,0.03,
751,41.0,42,0.01,0.03,
752,10.0,11,0.01,0.03,
753,49.0,50,0.01,0.03,
754,10.0,11,0.01,0.03,
755,10.0,11,0.01,0.03,
756,41.0,42,0.01,0.03,
757,35.0,36,0.01,0.03,
758,10.0,11,0.01,0.03,
759,10.0,11,0.01,0.03,
760,33.0,34,0.01,0.03,44.1
761,16.0,17,0.01,0.03,
762,86.0,87,0.01,0.03,
763,13.0,14,0.01,0.03,
764,42.0,43,0.01,0.03,
765,12.0,13,0.01,0.03,
766,8.0,9,0.01,0.03,
767,10.0,11,0.01,0.03,
768,77.0,78,0.01,0.03,
769,43.0,44,0.01,0.03,
770,32.0,33,0.01,0.03,
771,10.0,11,0.01,0.03,
772,40.0,41,0.01,0.03,
773,9.0,10,0.01,0.03,
774,9.0,10,0.01,0.03,
775,9.0,10,0.01,0.03,
776,8.0,9,0.01,0.03,
777,52.0,53,0.01,0.03,
778,14.0,15,0.01,0.03,
779,10.0,11,0.01,0.03,
780,9.0,10,0.01,0.03,55.9
781,60.0,61,0.01,0.03,
782,11.0,12,0.01,0.03,
783,9.0,10,0.01,0.03,
784,41.0,42,0.01,0.03,
785,25.0,26,0.01,0.03,
786,7.0,8,0.01,0.03,
787,8.0,9,0.01,0.03,
788,50.0,51,0.01,0.03,
789,10.0,11,0.01,0.03,
790,45.0,46,0.01,0.03,
791,29.0,30,0.01,0.03,
792,127.0,128,0.01,0.03,
793,82.0,83,0.01,0.03,
794,8.0,9,0.01,0.03,
795,40.0,41,0.01,0.03,
796,84.0,85,0.01,0.03,
797,8.0,9,0.01,0.03,
798,76.0,77,0.01,0.03,
799,45.0,46,0.01,0.03,
800,81.0,82,0.01,0.03,54.1
801,15.0,16,0.01,0.03,
802,84.0,85,0.01,0.03,
803,10.0,11,0.01,0.03,
804,57.0,58,0.01,0.03,
805,159.0,160,0.01,0.03,
806,71.0,72,0.01,0.03,
807,12.0,13,0.01,0.03,
808,27.0,28,0.01,0.03,
809,41.0,42,0.01,0.03,
810,11.0,12,0.01,0.03,
811,75.0,76,0.01,0.03,
812,105.0,106,0.01,0.03,
813,84.0,85,0.01,0.03,
814,31.0,32,0.01,0.03,
815,10.0,11,0.01,0.03,
816,73.0,74,0.01,0.03,
817,15.0,16,0.01,0.03,
818,9.0,10,0.01,0.03,
819,18.0,19,0.01,0.03,
820,39.0,40,0.01,0.03,44.5
821,86.0,87,0.01,0.03,
822,39.0,40,0.01,0.03,
823,43.0,44,0.01,0.03,
824,42.0,43,0.01,0.03,
825,33.0,34,0.01,0.03,
826,8.0,9,0.01,0.03,
827,34.0,35,0.01,0.03,
828,32.0,33,0.01,0.03,
829,16.0,17,0.01,0.03,
830,93.0,94,0.01,0.03,
831,10.0,11,0.01,0.03,
832,41.0,42,0.01,0.03,
833,45.0,46,0.01,0.03,
834,63.0,64,0.01,0.03,
835,108.0,109,0.01,0.03,
836,47.0,48,0.01,0.03,
837,7.0,8,0.01,0.03,
838,46.0,47,0.01,0.03,
839,64.0,65,0.01,0.03,
840,20.0,21,0.01,0.03,44.0
841,9.0,10,0.01,0.03,
842,79.0,80,0.01,0.03,
843,38.0,39,0.01,0.03,
844,9.0,10,0.01,0.03,
845,8.0,9,0.01,0.03,
846,75.0,76,0.01,0.03,
847,97.0,98,0.01,0.03,
848,113.0,114,0.01,0.03,
849,22.0,23,0.01,0.03,
850,81.0,82,0.01,0.03,
851,8.0,9,0.01,0.03,
852,53.0,54,0.01,0.03,
853,85.0,86,0.01,0.03,
854,9.0,10,0.01,0.03,
855,90.0,91,0.01,0.03,
856,11.0,12,0.01,0.03,
857,154.0,155,0.01,0.03,
858,46.0,47,0.01,0.03,
859,92.0,93,0.01,0.03,
860,43.0,44,0.01,0.03,49.6
861,8.0,9,0.01,0.03,
862,10.0,11,0.01,0.03,
863,10.0,11,0.01,0.03,
864,59.0,60,0.01,0.03,
865,49.0,50,0.01,0.03,
866,84.0,85,0.01,0.03,
867,89.0,90,0.01,0.03,
868,32.0,33,0.01,0.03,
869,7.0,8,0.01,0.03,
870,9.0,10,0.01,0.03,
871,104.0,105,0.01,0.03,
872,13.0,14,0.01,0.03,
873,50.0,51,0.01,0.03,
874,9.0,10,0.01,0.03,
875,72.0,73,0.01,0.03,
876,97.0,98,0.01,0.03,
877,60.0,61,0.01,0.03,
878,8.0,9,0.01,0.03,
879,61.0,62,0.01,0.03,
880,9.0,10,0.01,0.03,40.8
881,75.0,76,0.01,0.03,
882,42.0,43,0.01,0.03,
883,92.0,93,0.01,0.03,
884,15.0,16,0.01,0.03,
885,76.0,77,0.01,0.03,
886,10.0,11,0.01,0.03,
887,10.0,11,0.01,0.03,
888,19.0,20,0.01,0.03,
889,12.0,13,0.01,0.03,
890,50.0,51,0.01,0.03,
891,74.0,75,0.01,0.03,
892,35.0,36,0.01,0.03,
893,100.0,101,0.01,0.03,
894,37.0,38,0.01,0.03,
895,140.0,141,0.01,0.03,
896,47.0,48,0.01,0.03,
897,9.0,10,0.01,0.03,
898,42.0,43,0.01,0.03,
899,36.0,37,0.01,0.03,
900,62.0,63,0.01,0.03,45.5
901,130.0,131,0.01,0.03,
902,101.0,102,0.01,0.015,
903,29.0,30,0.01,0.015,
904,35.0,36,0.01,0.015,
905,138.0,139,0.01,0.015,
906,93.0,94,0.01,0.015,
907,85.0,86,0.01,0.015,
908,128.0,129,0.01,0.015,
909,86.0,87,0.01,0.015,
910,89.0,90,0.01,0.015,
911,56.0,57,0.01,0.015,
912,11.0,12,0.01,0.015,
913,8.0,9,0.01,0.015,
914,94.0,95,0.01,0.015,
915,13.0,14,0.01,0.015,
916,84.0,85,0.01,0.015,
917,16.0,17,0.01,0.015,
918,133.0,134,0.01,0.015,
919,96.0,97,0.01,0.015,
920,15.0,16,0.01,0.015,57.8
921,21.0,22,0.01,0.015,
922,11.0,12,0.01,0.015,
923,93.0,94,0.01,0.015,
924,11.0,12,0.01,0.015,
925,69.0,70,0.01,0.015,
926,44.0,45,0.01,0.015,
927,28.0,29,0.01,0.015,
928,84.0,85,0.01,0.015,
929,66.0,67,0.01,0.015,
930,7.0,8,0.01,0.015,
931,41.0,42,0.01,0.015,
932,33.0,34,0.01,0.015,
933,82.0,83,0.01,0.015,
934,53.0,54,0.01,0.015,
935,35.0,36,0.01,0.015,
936,70.0,71,0.01,0.015,
937,113.0,114,0.01,0.015,
938,27.0,28,0.01,0.015,
939,12.0,13,0.01,0.015,
940,9.0,10,0.01,0.015,53.3
941,91.0,92,0.01,0.015,
942,9.0,10,0.01,0.015,
943,8.0,9,0.01,0.015,
944,76.0,77,0.01,0.015,
945,72.0,73,0.01,0.015,
946,29.0,30,0.01,0.015,
947,10.0,11,0.01,0.015,
948,39.0,40,0.01,0.015,
949,56.0,57,0.01,0.015,
950,91.0,92,0.01,0.015,
951,90.0,91,0.01,0.015,
952,10.0,11,0.01,0.015,
953,11.0,12,0.01,0.015,
954,7.0,8,0.01,0.015,
955,8.0,9,0.01,0.015,
956,8.0,9,0.01,0.015,
957,84.0,85,0.01,0.015,
958,11.0,12,0.01,0.015,
959,153.0,154,0.01,0.015,
960,90.0,91,0.01,0.015,43.1
961,14.0,15,0.01,0.015,
962,83.0,84,0.01,0.015,
963,9.0,10,0.01,0.015,
964,82.0,83,0.01,0.015,
965,108.0,109,0.01,0.015,
966,108.0,109,0.01,0.015,
967,11.0,12,0.01,0.015,
968,129.0,130,0.01,0.015,
969,10.0,11,0.01,0.015,
970,17.0,18,0.01,0.015,
971,46.0,47,0.01,0.015,
972,100.0,101,0.01,0.015,
973,27.0,28,0.01,0.015,
974,72.0,73,0.01,0.015,
975,11.0,12,0.01,0.015,
976,19.0,20,0.01,0.015,
977,64.0,65,0.01,0.015,
978,9.0,10,0.01,0.015,
979,37.0,38,0.01,0.015,
980,10.0,11,0.01,0.015,25.5
981,29.0,30,0.01,0.015,
982,12.0,13,0.01,0.015,
983,9.0,10,0.01,0.015,
984,104.0,105,0.01,0.015,
985,49.0,50,0.01,0.015,
986,9.0,10,0.01,0.015,
987,83.0,84,0.01,0.015,
988,41.0,42,0.01,0.015,
989,10.0,11,0.01,0.015,
990,9.0,10,0.01,0.015,
991,9.0,10,0.01,0.015,
992,14.0,15,0.01,0.015,
993,9.0,10,0.01,0.015,
994,11.0,12,0.01,0.015,
995,33.0,34,0.01,0.015,
996,9.0,10,0.01,0.015,
997,50.0,51,0.01,0.015,
998,10.0,11,0.01,0.015,
999,48.0,49,0.01,0.015,
1000,62.0,63,0.01,0.015,64.4
1001,40.0,41,0.01,0.015,
1002,84.0,85,0.01,0.015,
1003,7.0,8,0.01,0.015,
1004,73.0,74,0.01,0.015,
1005,63.0,64,0.01,0.015,
1006,99.0,100,0.01,0.015,
1007,35.0,36,0.01,0.015,
1008,11.0,12,0.01,0.015,
1009,12.0,13,0.01,0.015,
1010,33.0,34,0.01,0.015,
1011,23.0,24,0.01,0.015,
1012,35.0,36,0.01,0.015,
1013,11.0,12,0.01,0.015,
1014,37.0,38,0.01,0.015,
1015,52.0,53,0.01,0.015,
1016,8.0,9,0.01,0.015,
1017,14.0,15,0.01,0.015,
1018,8.0,9,0.01,0.015,
1019,10.0,11,0.01,0.015,
1020,89.0,90,0.01,0.015,41.8
1021,125.0,126,0.01,0.015,
1022,91.0,92,0.01,0.015,
1023,10.0,11,0.01,0.015,
1024,58.0,59,0.01,0.015,
1025,120.0,121,0.01,0.015,
1026,10.0,11,0.01,0.015,
1027,23.0,24,0.01,0.015,
1028,20.0,21,0.01,0.015,
1029,47.0,48,0.01,0.015,
1030,17.0,18,0.01,0.015,
1031,39.0,40,0.01,0.015,
1032,20.0,21,0.01,0.015,
1033,10.0,11,0.01,0.015,
1034,152.0,153,0.01,0.015,
1035,101.0,102,0.01,0.015,
1036,34.0,35,0.01,0.015,
1037,48.0,49,0.01,0.015,
1038,10.0,11,0.01,0.015,
1039,42.0,43,0.01,0.015,
1040,116.0,117,0.01,0.015,46.6
1041,130.0,131,0.01,0.015,
1042,10.0,11,0.01,0.015,
1043,34.0,35,0.01,0.015,
1044,19.0,20,0.01,0.015,
1045,20.0,21,0.01,0.015,
1046,80.0,81,0.01,0.015,
1047,53.0,54,0.01,0.015,
1048,113.0,114,0.01,0.015,
1049,15.0,16,0.01,0.015,
1050,8.0,9,0.01,0.015,
1051,45.0,46,0.01,0.015,
1052,8.0,9,0.01,0.015,
1053,69.0,70,0.01,0.015,
1054,9.0,10,0.01,0.015,
1055,75.0,76,0.01,0.015,
1056,84.0,85,0.01,0.015,
1057,56.0,57,0.01,0.015,
1058,22.0,23,0.01,0.015,
1059,35.0,36,0.01,0.015,
1060,20.0,21,0.01,0.015,26.0
1061,131.0,132,0.01,0.015,
1062,8.0,9,0.01,0.015,
1063,98.0,99,0.01,0.015,
1064,23.0,24,0.01,0.015,
1065,17.0,18,0.01,0.015,
1066,8.0,9,0.01,0.015,
1067,9.0,10,0.01,0.015,
1068,9.0,10,0.01,0.015,
1069,38.0,39,0.01,0.015,
1070,39.0,40,0.01,0.015,
1071,24.0,25,0.01,0.015,
1072,51.0,52,0.01,0.015,
1073,10.0,11,0.01,0.015,
1074,65.0,66,0.01,0.015,
1075,35.0,36,0.01,0.015,
1076,90.0,91,0.01,0.015,
1077,9.0,10,0.01,0.015,
1078,39.0,40,0.01,0.015,
1079,95.0,96,0.01,0.015,
1080,68.0,69,0.01,0.015,51.5
1081,8.0,9,0.01,0.015,
1082,38.0,39,0.01,0.015,
1083,11.0,12,0.01,0.015,
1084,15.0,16,0.01,0.015,
1085,37.0,38,0.01,0.015,
1086,79.0,80,0.01,0.015,
1087,33.0,34,0.01,0.015,
1088,118.0,119,0.01,0.015,
1089,9.0,10,0.01,0.015,
1090,17.0,18,0.01,0.015,
1091,88.0,89,0.01,0.015,
1092,41.0,42,0.01,0.015,
1093,11.0,12,0.01,0.015,
1094,11.0,12,0.01,0.015,
1095,93.0,94,0.01,0.015,
1096,93.0,94,0.01,0.015,
1097,73.0,74,0.01,0.015,
1098,126.0,127,0.01,0.015,
1099,12.0,13,0.01,0.015,
1100,79.0,80,0.01,0.015,39.1
1101,38.0,39,0.01,0.015,
1102,64.0,65,0.01,0.015,
1103,9.0,10,0.01,0.015,
1104,117.0,118,0.01,0.015,
1105,73.0,74,0.01,0.015,
1106,42.0,43,0.01,0.015,
1107,10.0,11,0.01,0.015,
1108,56.0,57,0.01,0.015,
1109,144.0,145,0.01,0.015,
1110,23.0,24,0.01,0.015,
1111,33.0,34,0.01,0.015,
1112,10.0,11,0.01,0.015,
1113,92.0,93,0.01,0.015,
1114,70.0,71,0.01,0.015,
1115,55.0,56,0.01,0.015,
1116,8.0,9,0.01,0.015,
1117,24.0,25,0.01,0.015,
1118,64.0,65,0.01,0.015,
1119,8.0,9,0.01,0.015,
1120,84.0,85,0.01,0.015,43.1
1121,28.0,29,0.01,0.015,
1122,13.0,14,0.01,0.015,
1123,75.0,76,0.01,0.015,
1124,11.0,12,0.01,0.015,
1125,12.0,13,0.01,0.015,
1126,33.0,34,0.01,0.015,
1127,24.0,25,0.01,0.015,
1128,58.0,59,0.01,0.015,
1129,37.0,38,0.01,0.015,
1130,77.0,78,0.01,0.015,
1131,8.0,9,0.01,0.015,
1132,116.0,117,0.01,0.015,
1133,47.0,48,0.01,0.015,
1134,23.0,24,0.01,0.015,
1135,13.0,14,0.01,0.015,
1136,54.0,55,0.01,0.015,
1137,19.0,20,0.01,0.015,
1138,47.0,48,0.01,0.015,
1139,75.0,76,0.01,0.015,
1140,138.0,139,0.01,0.015,21.2
1141,110.0,111,0.01,0.015,
1142,14.0,15,0.01,0.015,
1143,10.0,11,0.01,0.015,
1144,59.0,60,0.01,0.015,
1145,27.0,28,0.01,0.015,
1146,18.0,19,0.01,0.015,
1147,13.0,14,0.01,0.015,
1148,18.0,19,0.01,0.015,
1149,111.0,112,0.01,0.015,
1150,12.0,13,0.01,0.015,
1151,13.0,14,0.01,0.015,
1152,11.0,12,0.01,0.015,
1153,43.0,44,0.01,0.015,
1154,16.0,17,0.01,0.015,
1155,10.0,11,0.01,0.015,
1156,12.0,13,0.01,0.015,
1157,11.0,12,0.01,0.015,
1158,10.0,11,0.01,0.015,
1159,12.0,13,0.01,0.015,
1160,9.0,10,0.01,0.015,35.9
1161,58.0,59,0.01,0.015,
1162,47.0,48,0.01,0.015,
1163,28.0,29,0.01,0.015,
1164,9.0,10,0.01,0.015,
1165,77.0,78,0.01,0.015,
1166,15.0,16,0.01,0.015,
1167,35.0,36,0.01,0.015,
1168,23.0,24,0.01,0.015,
1169,92.0,93,0.01,0.015,
1170,62.0,63,0.01,0.015,
1171,16.0,17,0.01,0.015,
1172,67.0,68,0.01,0.015,
1173,71.0,72,0.01,0.015,
1174,62.0,63,0.01,0.015,
1175,38.0,39,0.01,0.015,
1176,31.0,32,0.01,0.015,
1177,40.0,41,0.01,0.015,
1178,55.0,56,0.01,0.015,
1179,37.0,38,0.01,0.015,
1180,49.0,50,0.01,0.015,67.0
1181,93.0,94,0.01,0.015,
1182,106.0,107,0.01,0.015,
1183,16.0,17,0.01,0.015,
1184,99.0,100,0.01,0.015,
1185,105.0,106,0.01,0.015,
1186,12.0,13,0.01,0.015,
1187,26.0,27,0.01,0.015,
1188,7.0,8,0.01,0.015,
1189,79.0,80,0.01,0.015,
1190,41.0,42,0.01,0.015,
1191,94.0,95,0.01,0.015,
1192,23.0,24,0.01,0.015,
1193,57.0,58,0.01,0.015,
1194,7.0,8,0.01,0.015,
1195,27.0,28,0.01,0.015,
1196,46.0,47,0.01,0.015,
1197,11.0,12,0.01,0.015,
1198,27.0,28,0.01,0.015,
1199,129.0,130,0.01,0.015,
1200,69.0,70,0.01,0.015,59.2
1201,29.0,30,0.01,0.015,
1202,8.0,9,0.01,0.0075,
1203,29.0,30,0.01,0.0075,
1204,8.0,9,0.01,0.0075,
1205,10.0,11,0.01,0.0075,
1206,35.0,36,0.01,0.0075,
1207,28.0,29,0.01,0.0075,
1208,140.0,141,0.01,0.0075,
1209,41.0,42,0.01,0.0075,
1210,12.0,13,0.01,0.0075,
1211,67.0,68,0.01,0.0075,
1212,79.0,80,0.01,0.0075,
1213,103.0,104,0.01,0.0075,
1214,8.0,9,0.01,0.0075,
1215,86.0,87,0.01,0.0075,
1216,114.0,115,0.01,0.0075,
1217,100.0,101,0.01,0.0075,
1218,39.0,40,0.01,0.0075,
1219,79.0,80,0.01,0.0075,
1220,93.0,94,0.01,0.0075,36.8
1221,74.0,75,0.01,0.0075,
1222,44.0,45,0.01,0.0075,
1223,10.0,11,0.01,0.0075,
1224,90.0,91,0.01,0.0075,
1225,53.0,54,0.01,0.0075,
1226,10.0,11,0.01,0.0075,
1227,11.0,12,0.01,0.0075,
1228,52.0,53,0.01,0.0075,
1229,137.0,138,0.01,0.0075,
1230,8.0,9,0.01,0.0075,
1231,174.0,175,0.01,0.0075,
1232,8.0,9,0.01,0.0075,
1233,82.0,83,0.01,0.0075,
1234,44.0,45,0.01,0.0075,
1235,42.0,43,0.01,0.0075,
1236,127.0,128,0.01,0.0075,
1237,9.0,10,0.01,0.0075,
1238,37.0,38,0.01,0.0075,
1239,27.0,28,0.01,0.0075,
1240,9.0,10,0.01,0.0075,41.3
1241,8.0,9,0.01,0.0075,
1242,86.0,87,0.01,0.0075,
1243,8.0,9,0.01,0.0075,
1244,8.0,9,0.01,0.0075,
1245,38.0,39,0.01,0.0075,
1246,38.0,39,0.01,0.0075,
1247,86.0,87,0.01,0.0075,
1248,10.0,11,0.01,0.0075,
1249,11.0,12,0.01,0.0075,
1250,76.0,77,0.01,0.0075,
1251,16.0,17,0.01,0.0075,
1252,10.0,11,0.01,0.0075,
1253,11.0,12,0.01,0.0075,
1254,12.0,13,0.01,0.0075,
1255,11.0,12,0.01,0.0075,
1256,58.0,59,0.01,0.0075,
1257,62.0,63,0.01,0.0075,
1258,45.0,46,0.01,0.0075,
1259,46.0,47,0.01,0.0075,
1260,56.0,57,0.01,0.0075,43.4
1261,24.0,25,0.01,0.0075,
1262,12.0,13,0.01,0.0075,
1263,21.0,22,0.01,0.0075,
1264,37.0,38,0.01,0.0075,
1265,68.0,69,0.01,0.0075,
1266,38.0,39,0.01,0.0075,
1267,16.0,17,0.01,0.0075,
1268,18.0,19,0.01,0.0075,
1269,45.0,46,0.01,0.0075,
1270,33.0,34,0.01,0.0075,
1271,32.0,33,0.01,0.0075,
1272,102.0,103,0.01,0.0075,
1273,122.0,123,0.01,0.0075,
1274,35.0,36,0.01,0.0075,
1275,46.0,47,0.01,0.0075,
1276,9.0,10,0.01,0.0075,
1277,10.0,11,0.01,0.0075,
1278,116.0,117,0.01,0.0075,
1279,10.0,11,0.01,0.0075,
1280,104.0,105,0.01,0.0075,72.9
1281,90.0,91,0.01,0.0075,
1282,164.0,165,0.01,0.0075,
1283,49.0,50,0.01,0.0075,
1284,81.0,82,0.01,0.0075,
1285,80.0,81,0.01,0.0075,
1286,11.0,12,0.01,0.0075,
1287,50.0,51,0.01,0.0075,
1288,11.0,12,0.01,0.0075,
1289,126.0,127,0.01,0.0075,
1290,82.0,83,0.01,0.0075,
1291,9.0,10,0.01,0.0075,
1292,68.0,69,0.01,0.0075,
1293,31.0,32,0.01,0.0075,
1294,68.0,69,0.01,0.0075,
1295,10.0,11,0.01,0.0075,
1296,63.0,64,0.01,0.0075,
1297,76.0,77,0.01,0.0075,
1298,111.0,112,0.01,0.0075,
1299,61.0,62,0.01,0.0075,
1300,11.0,12,0.01,0.0075,23.2
1301,99.0,100,0.01,0.0075,
1302,72.0,73,0.01,0.0075,
1303,11.0,12,0.01,0.0075,
1304,15.0,16,0.01,0.0075,
1305,68.0,69,0.01,0.0075,
1306,8.0,9,0.01,0.0075,
1307,60.0,61,0.01,0.0075,
1308,155.0,156,0.01,0.0075,
1309,37.0,38,0.01,0.0075,
1310,8.0,9,0.01,0.0075,
1311,12.0,13,0.01,0.0075,
1312,43.0,44,0.01,0.0075,
1313,153.0,154,0.01,0.0075,
1314,11.0,12,0.01,0.0075,
1315,27.0,28,0.01,0.0075,
1316,43.0,44,0.01,0.0075,
1317,9.0,10,0.01,0.0075,
1318,131.0,132,0.01,0.0075,
1319,9.0,10,0.01,0.0075,
1320,51.0,52,0.01,0.0075,32.2
1321,74.0,75,0.01,0.0075,
1322,54.0,55,0.01,0.0075,
1323,152.0,153,0.01,0.0075,
1324,87.0,88,0.01,0.0075,
1325,10.0,11,0.01,0.0075,
1326,46.0,47,0.01,0.0075,
1327,103.0,104,0.01,0.0075,
1328,14.0,15,0.01,0.0075,
1329,13.0,14,0.01,0.0075,
1330,127.0,128,0.01,0.0075,
1331,72.0,73,0.01,0.0075,
1332,11.0,12,0.01,0.0075,
1333,80.0,81,0.01,0.0075,
1334,10.0,11,0.01,0.0075,
1335,48.0,49,0.01,0.0075,
1336,15.0,16,0.01,0.0075,
1337,70.0,71,0.01,0.0075,
1338,7.0,8,0.01,0.0075,
1339,8.0,9,0.01,0.0075,
1340,11.0,12,0.01,0.0075,43.6
1341,46.0,47,0.01,0.0075,
1342,72.0,73,0.01,0.0075,
1343,87.0,88,0.01,0.0075,
1344,15.0,16,0.01,0.0075,
1345,88.0,89,0.01,0.0075,
1346,35.0,36,0.01,0.0075,
1347,143.0,144,0.01,0.0075,
1348,62.0,63,0.01,0.0075,
1349,103.0,104,0.01,0.0075,
1350,9.0,10,0.01,0.0075,
1351,11.0,12,0.01,0.0075,
1352,11.0,12,0.01,0.0075,
1353,9.0,10,0.01,0.0075,
1354,52.0,53,0.01,0.0075,
1355,92.0,93,0.01,0.0075,
1356,27.0,28,0.01,0.0075,
1357,52.0,53,0.01,0.0075,
1358,10.0,11,0.01,0.0075,
1359,59.0,60,0.01,0.0075,
1360,44.0,45,0.01,0.0075,71.2
1361,12.0,13,0.01,0.0075,
1362,25.0,26,0.01,0.0075,
1363,57.0,58,0.01,0.0075,
1364,54.0,55,0.01,0.0075,
1365,40.0,41,0.01,0.0075,
1366,11.0,12,0.01,0.0075,
1367,39.0,40,0.01,0.0075,
1368,67.0,68,0.01,0.0075,
1369,19.0,20,0.01,0.0075,
1370,94.0,95,0.01,0.0075,
1371,45.0,46,0.01,0.0075,
1372,9.0,10,0.01,0.0075,
1373,66.0,67,0.01,0.0075,
1374,8.0,9,0.01,0.0075,
1375,88.0,89,0.01,0.0075,
1376,19.0,20,0.01,0.0075,
1377,8.0,9,0.01,0.0075,
1378,128.0,129,0.01,0.0075,
1379,46.0,47,0.01,0.0075,
1380,76.0,77,0.01,0.0075,33.0
1381,43.0,44,0.01,0.0075,
1382,15.0,16,0.01,0.0075,
1383,80.0,81,0.01,0.0075,
1384,17.0,18,0.01,0.0075,
1385,80.0,81,0.01,0.0075,
1386,85.0,86,0.01,0.0075,
1387,81.0,82,0.01,0.0075,
1388,15.0,16,0.01,0.0075,
1389,46.0,47,0.01,0.0075,
1390,9.0,10,0.01,0.0075,
1391,56.0,57,0.01,0.0075,
1392,31.0,32,0.01,0.0075,
1393,14.0,15,0.01,0.0075,
1394,29.0,30,0.01,0.0075,
1395,11.0,12,0.01,0.0075,
1396,9.0,10,0.01,0.0075,
1397,12.0,13,0.01,0.0075,
1398,100.0,101,0.01,0.0075,
1399,23.0,24,0.01,0.0075,
1400,52.0,53,0.01,0.0075,30.6
1401,41.0,42,0.01,0.0075,
1402,144.0,145,0.01,0.0075,
1403,30.0,31,0.01,0.0075,
1404,11.0,12,0.01,0.0075,
1405,94.0,95,0.01,0.0075,
1406,62.0,63,0.01,0.0075,
1407,23.0,24,0.01,0.0075,
1408,53.0,54,0.01,0.0075,
1409,18.0,19,0.01,0.0075,
1410,160.0,161,0.01,0.0075,
1411,14.0,15,0.01,0.0075,
1412,41.0,42,0.01,0.0075,
1413,76.0,77,0.01,0.0075,
1414,8.0,9,0.01,0.0075,
1415,110.0,111,0.01,0.0075,
1416,16.0,17,0.01,0.0075,
1417,52.0,53,0.01,0.0075,
1418,10.0,11,0.01,0.0075,
1419,89.0,90,0.01,0.0075,
1420,8.0,9,0.01,0.0075,41.6
1421,32.0,33,0.01,0.0075,
1422,7.0,8,0.01,0.0075,
1423,33.0,34,0.01,0.0075,
1424,44.0,45,0.01,0.0075,
1425,48.0,49,0.01,0.0075,
1426,47.0,48,0.01,0.0075,
1427,85.0,86,0.01,0.0075,
1428,8.0,9,0.01,0.0075,
1429,10.0,11,0.01,0.0075,
1430,53.0,54,0.01,0.0075,
1431,48.0,49,0.01,0.0075,
1432,24.0,25,0.01,0.0075,
1433,96.0,97,0.01,0.0075,
1434,135.0,136,0.01,0.0075,
1435,99.0,100,0.01,0.0075,
1436,15.0,16,0.01,0.0075,
1437,136.0,137,0.01,0.0075,
1438,8.0,9,0.01,0.0075,
1439,9.0,10,0.01,0.0075,
1440,13.0,14,0.01,0.0075,44.2
1441,48.0,49,0.01,0.0075,
1442,76.0,77,0.01,0.0075,
1443,75.0,76,0.01,0.0075,
1444,11.0,12,0.01,0.0075,
1445,43.0,44,0.01,0.0075,
1446,49.0,50,0.01,0.0075,
1447,24.0,25,0.01,0.0075,
1448,40.0,41,0.01,0.0075,
1449,27.0,28,0.01,0.0075,
1450,35.0,36,0.01,0.0075,
1451,29.0,30,0.01,0.0075,
1452,45.0,46,0.01,0.0075,
1453,146.0,147,0.01,0.0075,
1454,9.0,10,0.01,0.0075,
1455,9.0,10,0.01,0.0075,
1456,110.0,111,0.01,0.0075,
1457,72.0,73,0.01,0.0075,
1458,8.0,9,0.01,0.0075,
1459,40.0,41,0.01,0.0075,
1460,33.0,34,0.01,0.0075,50.5
1461,39.0,40,0.01,0.0075,
1462,10.0,11,0.01,0.0075,
1463,33.0,34,0.01,0.0075,
1464,112.0,113,0.01,0.0075,
1465,13.0,14,0.01,0.0075,
1466,49.0,50,0.01,0.0075,
1467,27.0,28,0.01,0.0075,
1468,29.0,30,0.01,0.0075,
1469,135.0,136,0.01,0.0075,
1470,19.0,20,0.01,0.0075,
1471,12.0,13,0.01,0.0075,
1472,11.0,12,0.01,0.0075,
1473,9.0,10,0.01,0.0075,
1474,39.0,40,0.01,0.0075,
1475,10.0,11,0.01,0.0075,
1476,39.0,40,0.01,0.0075,
1477,31.0,32,0.01,0.0075,
1478,92.0,93,0.01,0.0075,
1479,8.0,9,0.01,0.0075,
1480,78.0,79,0.01,0.0075,53.2
1481,41.0,42,0.01,0.0075,
1482,27.0,28,0.01,0.0075,
1483,8.0,9,0.01,0.0075,
1484,32.0,33,0.01,0.0075,
1485,13.0,14,0.01,0.0075,
1486,119.0,120,0.01,0.0075,
1487,10.0,11,0.01,0.0075,
1488,11.0,12,0.01,0.0075,
1489,10.0,11,0.01,0.0075,
1490,22.0,23,0.01,0.0075,
1491,13.0,14,0.01,0.0075,
1492,92.0,93,0.01,0.0075,
1493,9.0,10,0.01,0.0075,
1494,10.0,11,0.01,0.0075,
1495,48.0,49,0.01,0.0075,
1496,39.0,40,0.01,0.0075,
1497,97.0,98,0.01,0.0075,
1498,18.0,19,0.01,0.0075,
1499,9.0,10,0.01,0.0075,
1500,76.0,77,0.01,0.0075,43.5
1501,10.0,11,0.01,0.0075,
1502,10.0,11,0.01,0.00375,
1503,9.0,10,0.01,0.00375,
1504,10.0,11,0.01,0.00375,
1505,38.0,39,0.01,0.00375,
1506,148.0,149,0.01,0.00375,
1507,84.0,85,0.01,0.00375,
1508,63.0,64,0.01,0.00375,
1509,11.0,12,0.01,0.00375,
1510,40.0,41,0.01,0.00375,
1511,104.0,105,0.01,0.00375,
1512,10.0,11,0.01,0.00375,
1513,9.0,10,0.01,0.00375,
1514,26.0,27,0.01,0.00375,
1515,62.0,63,0.01,0.00375,
1516,30.0,31,0.01,0.00375,
1517,48.0,49,0.01,0.00375,
1518,10.0,11,0.01,0.00375,
1519,19.0,20,0.01,0.00375,
1520,29.0,30,0.01,0.00375,39.3
1521,17.0,18,0.01,0.00375,
1522,8.0,9,0.01,0.00375,
1523,85.0,86,0.01,0.00375,
1524,40.0,41,0.01,0.00375,
1525,8.0,9,0.01,0.00375,
1526,10.0,11,0.01,0.00375,
1527,10.0,11,0.01,0.00375,
1528,37.0,38,0.01,0.00375,
1529,16.0,17,0.01,0.00375,
1530,55.0,56,0.01,0.00375,
1531,11.0,12,0.01,0.00375,
1532,10.0,11,0.01,0.00375,
1533,29.0,30,0.01,0.00375,
1534,18.0,19,0.01,0.00375,
1535,80.0,81,0.01,0.00375,
1536,11.0,12,0.01,0.00375,
1537,10.0,11,0.01,0.00375,
1538,15.0,16,0.01,0.00375,
1539,10.0,11,0.01,0.00375,
1540,77.0,78,0.01,0.00375,34.6
1541,41.0,42,0.01,0.00375,
1542,122.0,123,0.01,0.00375,
1543,9.0,10,0.01,0.00375,
1544,8.0,9,0.01,0.00375,
1545,47.0,48,0.01,0.00375,
1546,12.0,13,0.01,0.00375,
1547,11.0,12,0.01,0.00375,
1548,46.0,47,0.01,0.00375,
1549,9.0,10,0.01,0.00375,
1550,40.0,41,0.01,0.00375,
1551,75.0,76,0.01,0.00375,
1552,10.0,11,0.01,0.00375,
1553,99.0,100,0.01,0.00375,
1554,97.0,98,0.01,0.00375,
1555,10.0,11,0.01,0.00375,
1556,67.0,68,0.01,0.00375,
1557,79.0,80,0.01,0.00375,
1558,119.0,120,0.01,0.00375,
1559,47.0,48,0.01,0.00375,
1560,37.0,38,0.01,0.00375,26.3
1561,50.0,51,0.01,0.00375,
1562,13.0,14,0.01,0.00375,
1563,39.0,40,0.01,0.00375,
1564,112.0,113,0.01,0.00375,
1565,26.0,27,0.01,0.00375,
1566,60.0,61,0.01,0.00375,
1567,46.0,47,0.01,0.00375,
1568,15.0,16,0.01,0.00375,
1569,153.0,154,0.01,0.00375,
1570,88.0,89,0.01,0.00375,
1571,132.0,133,0.01,0.00375,
1572,9.0,10,0.01,0.00375,
1573,10.0,11,0.01,0.00375,
1574,52.0,53,0.01,0.00375,
1575,82.0,83,0.01,0.00375,
1576,82.0,83,0.01,0.00375,
1577,10.0,11,0.01,0.00375,
1578,109.0,110,0.01,0.00375,
1579,99.0,100,0.01,0.00375,
1580,55.0,56,0.01,0.00375,35.1
1581,14.0,15,0.01,0.00375,
1582,24.0,25,0.01,0.00375,
1583,97.0,98,0.01,0.00375,
1584,41.0,42,0.01,0.00375,
1585,46.0,47,0.01,0.00375,
1586,11.0,12,0.01,0.00375,
1587,8.0,9,0.01,0.00375,
1588,55.0,56,0.01,0.00375,
1589,54.0,55,0.01,0.00375,
1590,23.0,24,0.01,0.00375,
1591,67.0,68,0.01,0.00375,
1592,88.0,89,0.01,0.00375,
1593,23.0,24,0.01,0.00375,
1594,8.0,9,0.01,0.00375,
1595,133.0,134,0.01,0.00375,
1596,8.0,9,0.01,0.00375,
1597,151.0,152,0.01,0.00375,
1598,131.0,132,0.01,0.00375,
1599,97.0,98,0.01,0.00375,
1600,18.0,19,0.01,0.00375,31.1
1601,96.0,97,0.01,0.00375,
1602,43.0,44,0.01,0.00375,
1603,89.0,90,0.01,0.00375,
1604,39.0,40,0.01,0.00375,
1605,9.0,10,0.01,0.00375,
1606,53.0,54,0.01,0.00375,
1607,49.0,50,0.01,0.00375,
1608,96.0,97,0.01,0.00375,
1609,8.0,9,0.01,0.00375,
1610,75.0,76,0.01,0.00375,
1611,76.0,77,0.01,0.00375,
1612,30.0,31,0.01,0.00375,
1613,49.0,50,0.01,0.00375,
1614,34.0,35,0.01,0.00375,
1615,12.0,13,0.01,0.00375,
1616,86.0,87,0.01,0.00375,
1617,10.0,11,0.01,0.00375,
1618,22.0,23,0.01,0.00375,
1619,10.0,11,0.01,0.00375,
1620,8.0,9,0.01,0.00375,54.5
1621,101.0,102,0.01,0.00375,
1622,85.0,86,0.01,0.00375,
1623,13.0,14,0.01,0.00375,
1624,54.0,55,0.01,0.00375,
1625,70.0,71,0.01,0.00375,
1626,8.0,9,0.01,0.00375,
1627,14.0,15,0.01,0.00375,
1628,81.0,82,0.01,0.00375,
1629,39.0,40,0.01,0.00375,
1630,139.0,140,0.01,0.00375,
1631,43.0,44,0.01,0.00375,
1632,10.0,11,0.01,0.00375,
1633,78.0,79,0.01,0.00375,
1634,43.0,44,0.01,0.00375,
1635,114.0,115,0.01,0.00375,
1636,10.0,11,0.01,0.00375,
1637,9.0,10,0.01,0.00375,
1638,11.0,12,0.01,0.00375,
1639,18.0,19,0.01,0.00375,
1640,40.0,41,0.01,0.00375,39.9
1641,9.0,10,0.01,0.00375,
1642,8.0,9,0.01,0.00375,
1643,9.0,10,0.01,0.00375,
1644,74.0,75,0.01,0.00375,
1645,79.0,80,0.01,0.00375,
1646,80.0,81,0.01,0.00375,
1647,39.0,40,0.01,0.00375,
1648,8.0,9,0.01,0.00375,
1649,155.0,156,0.01,0.00375,
1650,88.0,89,0.01,0.00375,
1651,7.0,8,0.01,0.00375,
1652,24.0,25,0.01,0.00375,
1653,31.0,32,0.01,0.00375,
1654,147.0,148,0.01,0.00375,
1655,65.0,66,0.01,0.00375,
1656,40.0,41,0.01,0.00375,
1657,68.0,69,0.01,0.00375,
1658,103.0,104,0.01,0.00375,
1659,10.0,11,0.01,0.00375,
1660,96.0,97,0.01,0.00375,46.9
1661,9.0,10,0.01,0.00375,
1662,34.0,35,0.01,0.00375,
1663,73.0,74,0.01,0.00375,
1664,30.0,31,0.01,0.00375,
1665,10.0,11,0.01,0.00375,
1666,11.0,12,0.01,0.00375,
1667,55.0,56,0.01,0.00375,
1668,11.0,12,0.01,0.00375,
1669,12.0,13,0.01,0.00375,
1670,12.0,13,0.01,0.00375,
1671,12.0,13,0.01,0.00375,
1672,11.0,12,0.01,0.00375,
1673,16.0,17,0.01,0.00375,
1674,122.0,123,0.01,0.00375,
1675,10.0,11,0.01,0.00375,
1676,9.0,10,0.01,0.00375,
1677,8.0,9,0.01,0.00375,
1678,11.0,12,0.01,0.00375,
1679,67.0,68,0.01,0.00375,
1680,11.0,12,0.01,0.00375,38.7
1681,92.0,93,0.01,0.00375,
1682,48.0,49,0.01,0.00375,
1683,8.0,9,0.01,0.00375,
1684,9.0,10,0.01,0.00375,
1685,40.0,41,0.01,0.00375,
1686,37.0,38,0.01,0.00375,
1687,126.0,127,0.01,0.00375,
1688,50.0,51,0.01,0.00375,
1689,33.0,34,0.01,0.00375,
1690,103.0,104,0.01,0.00375,
1691,8.0,9,0.01,0.00375,
1692,10.0,11,0.01,0.00375,
1693,9.0,10,0.01,0.00375,
1694,34.0,35,0.01,0.00375,
1695,62.0,63,0.01,0.00375,
1696,117.0,118,0.01,0.00375,
1697,40.0,41,0.01,0.00375,
1698,99.0,100,0.01,0.00375,
1699,12.0,13,0.01,0.00375,
1700,11.0,12,0.01,0.00375,30.1
1701,47.0,48,0.01,0.00375,
1702,11.0,12,0.01,0.00375,
1703,14.0,15,0.01,0.00375,
1704,44.0,45,0.01,0.00375,
1705,135.0,136,0.01,0.00375,
1706,40.0,41,0.01,0.00375,
1707,41.0,42,0.01,0.00375,
1708,8.0,9,0.01,0.00375,
1709,106.0,107,0.01,0.00375,
1710,15.0,16,0.01,0.00375,
1711,33.0,34,0.01,0.00375,
1712,8.0,9,0.01,0.00375,
1713,61.0,62,0.01,0.00375,
1714,83.0,84,0.01,0.00375,
1715,32.0,33,0.01,0.00375,
1716,24.0,25,0.01,0.00375,
1717,37.0,38,0.01,0.00375,
1718,8.0,9,0.01,0.00375,
1719,25.0,26,0.01,0.00375,
1720,165.0,166,0.01,0.00375,51.2
1721,50.0,51,0.01,0.00375,
1722,78.0,79,0.01,0.00375,
1723,144.0,145,0.01,0.00375,
1724,44.0,45,0.01,0.00375,
1725,9.0,10,0.01,0.00375,
1726,12.0,13,0.01,0.00375,
1727,63.0,64,0.01,0.00375,
1728,29.0,30,0.01,0.00375,
1729,15.0,16,0.01,0.00375,
1730,9.0,10,0.01,0.00375,
1731,12.0,13,0.01,0.00375,
1732,82.0,83,0.01,0.00375,
1733,9.0,10,0.01,0.00375,
1734,46.0,47,0.01,0.00375,
1735,50.0,51,0.01,0.00375,
1736,9.0,10,0.01,0.00375,
1737,10.0,11,0.01,0.00375,
1738,7.0,8,0.01,0.00375,
1739,25.0,26,0.01,0.00375,
1740,40.0,41,0.01,0.00375,61.5
1741,83.0,84,0.01,0.00375,
1742,11.0,12,0.01,0.00375,
1743,52.0,53,0.01,0.00375,
1744,11.0,12,0.01,0.00375,
1745,8.0,9,0.01,0.00375,
1746,92.0,93,0.01,0.00375,
1747,108.0,109,0.01,0.00375,
1748,7.0,8,0.01,0.00375,
1749,8.0,9,0.01,0.00375,
1750,74.0,75,0.01,0.00375,
1751,13.0,14,0.01,0.00375,
1752,25.0,26,0.01,0.00375,
1753,73.0,74,0.01,0.00375,
1754,145.0,146,0.01,0.00375,
1755,8.0,9,0.01,0.00375,
1756,22.0,23,0.01,0.00375,
1757,33.0,34,0.01,0.00375,
1758,7.0,8,0.01,0.00375,
1759,79.0,80,0.01,0.00375,
1760,9.0,10,0.01,0.00375,35.8
1761,9.0,10,0.01,0.00375,
1762,49.0,50,0.01,0.00375,
1763,48.0,49,0.01,0.00375,
1764,25.0,26,0.01,0.00375,
1765,30.0,31,0.01,0.00375,
1766,101.0,102,0.01,0.00375,
1767,29.0,30,0.01,0.00375,
1768,12.0,13,0.01,0.00375,
1769,30.0,31,0.01,0.00375,
1770,21.0,22,0.01,0.00375,
1771,79.0,80,0.01,0.00375,
1772,11.0,12,0.01,0.00375,
1773,9.0,10,0.01,0.00375,
1774,8.0,9,0.01,0.00375,
1775,24.0,25,0.01,0.00375,
1776,45.0,46,0.01,0.00375,
1777,39.0,40,0.01,0.00375,
1778,60.0,61,0.01,0.00375,
1779,81.0,82,0.01,0.00375,
1780,142.0,143,0.01,0.00375,29.4
1781,8.0,9,0.01,0.00375,
1782,33.0,34,0.01,0.00375,
1783,80.0,81,0.01,0.00375,
1784,33.0,34,0.01,0.00375,
1785,71.0,72,0.01,0.00375,
1786,37.0,38,0.01,0.00375,
1787,14.0,15,0.01,0.00375,
1788,13.0,14,0.01,0.00375,
1789,52.0,53,0.01,0.00375,
1790,10.0,11,0.01,0.00375,
1791,14.0,15,0.01,0.00375,
1792,76.0,77,0.01,0.00375,
1793,49.0,50,0.01,0.00375,
1794,124.0,125,0.01,0.00375,
1795,41.0,42,0.01,0.00375,
1796,29.0,30,0.01,0.00375,
1797,8.0,9,0.01,0.00375,
1798,94.0,95,0.01,0.00375,
1799,25.0,26,0.01,0.00375,
1800,43.0,44,0.01,0.00375,41.6
1801,69.0,70,0.01,0.00375,
1802,16.0,17,0.01,0.001875,
1803,10.0,11,0.01,0.001875,
1804,42.0,43,0.01,0.001875,
1805,40.0,41,0.01,0.001875,
1806,72.0,73,0.01,0.001875,
1807,25.0,26,0.01,0.001875,
1808,25.0,26,0.01,0.001875,
1809,47.0,48,0.01,0.001875,
1810,38.0,39,0.01,0.001875,
1811,45.0,46,0.01,0.001875,
1812,21.0,22,0.01,0.001875,
1813,12.0,13,0.01,0.001875,
1814,19.0,20,0.01,0.001875,
1815,94.0,95,0.01,0.001875,
1816,49.0,50,0.01,0.001875,
1817,54.0,55,0.01,0.001875,
1818,78.0,79,0.01,0.001875,
1819,10.0,11,0.01,0.001875,
1820,48.0,49,0.01,0.001875,46.3
1821,8.0,9,0.01,0.001875,
1822,23.0,24,0.01,0.001875,
1823,17.0,18,0.01,0.001875,
1824,94.0,95,0.01,0.001875,
1825,16.0,17,0.01,0.001875,
1826,100.0,101,0.01,0.001875,
1827,95.0,96,0.01,0.001875,
1828,36.0,37,0.01,0.001875,
1829,15.0,16,0.01,0.001875,
1830,43.0,44,0.01,0.001875,
1831,9.0,10,0.01,0.001875,
1832,66.0,67,0.01,0.001875,
1833,79.0,80,0.01,0.001875,
1834,10.0,11,0.01,0.001875,
1835,64.0,65,0.01,0.001875,
1836,109.0,110,0.01,0.001875,
1837,72.0,73,0.01,0.001875,
1838,10.0,11,0.01,0.001875,
1839,85.0,86,0.01,0.001875,
1840,8.0,9,0.01,0.001875,36.9
1841,66.0,67,0.01,0.001875,
1842,82.0,83,0.01,0.001875,
1843,104.0,105,0.01,0.001875,
1844,52.0,53,0.01,0.001875,
1845,117.0,118,0.01,0.001875,
1846,35.0,36,0.01,0.001875,
1847,39.0,40,0.01,0.001875,
1848,90.0,91,0.01,0.001875,
1849,66.0,67,0.01,0.001875,
1850,8.0,9,0.01,0.001875,
1851,44.0,45,0.01,0.001875,
1852,42.0,43,0.01,0.001875,
1853,8.0,9,0.01,0.001875,
1854,10.0,11,0.01,0.001875,
1855,146.0,147,0.01,0.001875,
1856,19.0,20,0.01,0.001875,
1857,9.0,10,0.01,0.001875,
1858,40.0,41,0.01,0.001875,
1859,8.0,9,0.01,0.001875,
1860,73.0,74,0.01,0.001875,59.0
1861,72.0,73,0.01,0.001875,
1862,24.0,25,0.01,0.001875,
1863,9.0,10,0.01,0.001875,
1864,16.0,17,0.01,0.001875,
1865,10.0,11,0.01,0.001875,
1866,8.0,9,0.01,0.001875,
1867,93.0,94,0.01,0.001875,
1868,127.0,128,0.01,0.001875,
1869,35.0,36,0.01,0.001875,
1870,47.0,48,0.01,0.001875,
1871,10.0,11,0.01,0.001875,
1872,51.0,52,0.01,0.001875,
1873,7.0,8,0.01,0.001875,
1874,73.0,74,0.01,0.001875,
1875,8.0,9,0.01,0.001875,
1876,9.0,10,0.01,0.001875,
1877,9.0,10,0.01,0.001875,
1878,79.0,80,0.01,0.001875,
1879,20.0,21,0.01,0.001875,
1880,8.0,9,0.01,0.001875,32.0
1881,13.0,14,0.01,0.001875,
1882,85.0,86,0.01,0.001875,
1883,80.0,81,0.01,0.001875,
1884,12.0,13,0.01,0.001875,
1885,70.0,71,0.01,0.001875,
1886,25.0,26,0.01,0.001875,
1887,57.0,58,0.01,0.001875,
1888,78.0,79,0.01,0.001875,
1889,10.0,11,0.01,0.001875,
1890,72.0,73,0.01,0.001875,
1891,27.0,28,0.01,0.001875,
1892,55.0,56,0.01,0.001875,
1893,33.0,34,0.01,0.001875,
1894,22.0,23,0.01,0.001875,
1895,18.0,19,0.01,0.001875,
1896,68.0,69,0.01,0.001875,
1897,69.0,70,0.01,0.001875,
1898,61.0,62,0.01,0.001875,
1899,46.0,47,0.01,0.001875,
1900,69.0,70,0.01,0.001875,49.8
1901,12.0,13,0.01,0.001875,
1902,9.0,10,0.01,0.001875,
1903,15.0,16,0.01,0.001875,
1904,87.0,88,0.01,0.001875,
1905,10.0,11,0.01,0.001875,
1906,54.0,55,0.01,0.001875,
1907,24.0,25,0.01,0.001875,
1908,9.0,10,0.01,0.001875,
1909,35.0,36,0.01,0.001875,
1910,102.0,103,0.01,0.001875,
1911,83.0,84,0.01,0.001875,
1912,11.0,12,0.01,0.001875,
1913,72.0,73,0.01,0.001875,
1914,11.0,12,0.01,0.001875,
1915,60.0,61,0.01,0.001875,
1916,14.0,15,0.01,0.001875,
1917,77.0,78,0.01,0.001875,
1918,25.0,26,0.01,0.001875,
1919,51.0,52,0.01,0.001875,
1920,100.0,101,0.01,0.001875,49.1
1921,74.0,75,0.01,0.001875,
1922,76.0,77,0.01,0.001875,
1923,24.0,25,0.01,0.001875,
1924,10.0,11,0.01,0.001875,
1925,130.0,131,0.01,0.001875,
1926,33.0,34,0.01,0.001875,
1927,11.0,12,0.01,0.001875,
1928,115.0,116,0.01,0.001875,
1929,15.0,16,0.01,0.001875,
1930,104.0,105,0.01,0.001875,
1931,31.0,32,0.01,0.001875,
1932,10.0,11,0.01,0.001875,
1933,92.0,93,0.01,0.001875,
1934,97.0,98,0.01,0.001875,
1935,10.0,11,0.01,0.001875,
1936,11.0,12,0.01,0.001875,
1937,97.0,98,0.01,0.001875,
1938,95.0,96,0.01,0.001875,
1939,8.0,9,0.01,0.001875,
1940,82.0,83,0.01,0.001875,39.1
1941,65.0,66,0.01,0.001875,
1942,37.0,38,0.01,0.001875,
1943,22.0,23,0.01,0.001875,
1944,9.0,10,0.01,0.001875,
1945,58.0,59,0.01,0.001875,
1946,69.0,70,0.01,0.001875,
1947,24.0,25,0.01,0.001875,
1948,45.0,46,0.01,0.001875,
1949,94.0,95,0.01,0.001875,
1950,20.0,21,0.01,0.001875,
1951,84.0,85,0.01,0.001875,
1952,32.0,33,0.01,0.001875,
1953,16.0,17,0.01,0.001875,
1954,49.0,50,0.01,0.001875,
1955,73.0,74,0.01,0.001875,
1956,8.0,9,0.01,0.001875,
1957,67.0,68,0.01,0.001875,
1958,9.0,10,0.01,0.001875,
1959,10.0,11,0.01,0.001875,
1960,35.0,36,0.01,0.001875,43.8
1961,10.0,11,0.01,0.001875,
1962,7.0,8,0.01,0.001875,
1963,10.0,11,0.01,0.001875,
1964,25.0,26,0.01,0.001875,
1965,10.0,11,0.01,0.001875,
1966,26.0,27,0.01,0.001875,
1967,78.0,79,0.01,0.001875,
1968,58.0,59,0.01,0.001875,
1969,35.0,36,0.01,0.001875,
1970,45.0,46,0.01,0.001875,
1971,9.0,10,0.01,0.001875,
1972,41.0,42,0.01,0.001875,
1973,142.0,143,0.01,0.001875,
1974,8.0,9,0.01,0.001875,
1975,11.0,12,0.01,0.001875,
1976,9.0,10,0.01,0.001875,
1977,8.0,9,0.01,0.001875,
1978,40.0,41,0.01,0.001875,
1979,13.0,14,0.01,0.001875,
1980,92.0,93,0.01,0.001875,47.3
1981,35.0,36,0.01,0.001875,
1982,27.0,28,0.01,0.001875,
1983,49.0,50,0.01,0.001875,
1984,65.0,66,0.01,0.001875,
1985,26.0,27,0.01,0.001875,
1986,53.0,54,0.01,0.001875,
1987,15.0,16,0.01,0.001875,
1988,29.0,30,0.01,0.001875,
1989,10.0,11,0.01,0.001875,
1990,76.0,77,0.01,0.001875,
1991,11.0,12,0.01,0.001875,
1992,9.0,10,0.01,0.001875,
1993,88.0,89,0.01,0.001875,
1994,56.0,57,0.01,0.001875,
1995,16.0,17,0.01,0.001875,
1996,37.0,38,0.01,0.001875,
1997,18.0,19,0.01,0.001875,
1998,39.0,40,0.01,0.001875,
1999,96.0,97,0.01,0.001875,
2000,100.0,101,0.01,0.001875,51.9
