Episode,Reward,Length
1,14.0,16
2,25.0,27
3,16.0,18
4,14.0,16
5,12.0,14
6,9.0,11
7,14.0,16
8,9.0,11
9,30.0,32
10,35.0,37
11,35.0,25
12,23.0,25
13,23.0,24
14,22.0,30
15,28.0,22
16,20.0,16
17,14.0,28
18,26.0,28
19,26.0,23
20,21.0,56
21,54.0,14
22,54.0,47
23,12.0,12
24,45.0,25
25,10.0,33
26,23.0,16
27,31.0,66
28,14.0,28
29,64.0,33
30,26.0,27
31,31.0,19
32,25.0,16
33,25.0,25
34,17.0,17
35,14.0,22
36,23.0,14
37,15.0,40
38,20.0,13
39,12.0,19
40,38.0,25
41,11.0,26
42,17.0,23
43,23.0,16
44,23.0,18
45,24.0,25
46,21.0,17
47,14.0,14
48,16.0,36
49,23.0,14
50,15.0,94
51,12.0,25
52,34.0,17
53,12.0,50
54,92.0,23
55,92.0,17
56,23.0,13
57,15.0,34
58,48.0,31
59,21.0,18
60,15.0,13
61,11.0,36
62,32.0,19
63,29.0,14
64,16.0,86
65,11.0,58
66,11.0,18
67,34.0,22
68,17.0,42
69,12.0,46
70,84.0,13
71,56.0,16
72,16.0,15
73,20.0,13
74,40.0,15
75,44.0,13
76,11.0,17
77,11.0,15
78,14.0,21
79,13.0,12
80,11.0,22
81,13.0,13
82,11.0,16
83,15.0,12
84,13.0,21
85,19.0,24
86,10.0,20
87,20.0,35
88,20.0,35
89,11.0,16
90,14.0,23
91,10.0,37
92,19.0,33
93,22.0,12
94,18.0,52
95,33.0,30
96,33.0,11
97,14.0,32
98,21.0,41
99,21.0,32
100,35.0,27
101,31.0,39
102,10.0,43
103,50.0,19
104,28.0,46
105,9.0,42
106,30.0,41
107,39.0,14
108,30.0,62
109,25.0,28
110,25.0,12
111,37.0,14
112,41.0,29
113,17.0,15
114,44.0,81
115,40.0,27
116,39.0,72
117,12.0,11
118,60.0,43
119,26.0,26
120,10.0,34
121,10.0,42
122,12.0,29
123,27.0,76
124,13.0,16
125,79.0,61
126,25.0,16
127,70.0,17
128,9.0,143
129,41.0,22
130,24.0,55
131,32.0,35
132,32.0,22
133,40.0,125
134,27.0,26
135,74.0,110
136,14.0,20
137,59.0,113
138,14.0,35
139,15.0,70
140,141.0,18
141,20.0,29
142,53.0,83
143,53.0,115
144,33.0,28
145,20.0,90
146,123.0,43
147,24.0,167
148,108.0,62
149,18.0,84
150,111.0,38
151,33.0,15
152,68.0,37
153,16.0,59
154,16.0,55
155,27.0,20
156,81.0,87
157,113.0,171
158,26.0,57
159,88.0,104
160,41.0,95
161,165.0,154
162,60.0,107
163,82.0,139
164,36.0,90
165,36.0,198
166,13.0,253
167,35.0,102
168,57.0,183
169,53.0,82
170,18.0,187
171,85.0,183
172,169.0,56
173,55.0,159
174,102.0,151
175,93.0,121
176,93.0,187
177,152.0,219
178,105.0,199
179,137.0,221
180,88.0,119
181,196.0,165
182,251.0,32
183,100.0,157
184,181.0,73
185,80.0,344
186,185.0,265
187,185.0,287
188,181.0,16
189,54.0,102
190,157.0,130
191,149.0,21
192,119.0,58
193,185.0,15
194,217.0,39
195,197.0,18
196,219.0,39
197,117.0,144
198,117.0,173
199,163.0,159
200,30.0,41
201,155.0,15
202,71.0,46
203,342.0,151
204,263.0,39
205,285.0,169
206,14.0,256
207,100.0,47
208,128.0,49
209,128.0,76
210,19.0,146
211,56.0,120
212,13.0,43
213,37.0,29
214,16.0,183
215,37.0,26
216,142.0,120
217,171.0,28
218,157.0,72
219,39.0,73
220,39.0,39
221,13.0,29
222,44.0,89
223,149.0,41
224,37.0,28
225,167.0,14
226,254.0,192
227,45.0,155
228,47.0,38
229,74.0,51
230,144.0,65
231,144.0,73
232,118.0,66
233,41.0,170
234,27.0,14
235,181.0,23
236,24.0,44
237,118.0,257
238,26.0,208
239,70.0,60
240,71.0,125
241,37.0,125
242,37.0,146
243,27.0,12
244,87.0,31
245,39.0,297
246,26.0,62
247,12.0,25
248,190.0,173
249,153.0,20
250,36.0,69
251,49.0,46
252,63.0,246
253,63.0,14
254,71.0,408
255,64.0,290
256,168.0,192
257,12.0,22
258,21.0,145
259,42.0,41
260,255.0,215
261,206.0,42
262,58.0,74
263,123.0,19
264,123.0,170
265,123.0,214
266,144.0,198
267,10.0,14
268,29.0,11
269,295.0,79
270,60.0,205
271,23.0,230
272,171.0,16
273,18.0,178
274,67.0,207
275,67.0,182
276,44.0,15
277,244.0,81
278,12.0,139
279,406.0,42
280,288.0,126
281,190.0,17
282,20.0,229
283,143.0,35
284,39.0,142
285,213.0,208
286,213.0,47
287,40.0,311
288,72.0,201
289,17.0,187
290,168.0,167
291,212.0,165
292,196.0,167
293,12.0,234
294,9.0,25
295,77.0,163
296,203.0,121
297,203.0,72
298,228.0,325
299,14.0,143
300,176.0,397
301,205.0,461
302,180.0,501
303,13.0,501
304,79.0,131
305,137.0,326
306,40.0,142
307,124.0,113
308,124.0,140
309,15.0,13
310,227.0,17
311,33.0,115
312,140.0,122
313,206.0,42
314,45.0,84
315,309.0,89
316,199.0,135
317,185.0,142
318,165.0,313
319,165.0,131
320,163.0,133
321,165.0,118
322,232.0,122
323,23.0,116
324,161.0,114
325,119.0,130
326,70.0,119
327,323.0,101
328,141.0,108
329,395.0,73
330,395.0,25
331,459.0,41
332,500.0,107
333,500.0,101
334,129.0,111
335,324.0,107
336,140.0,48
337,111.0,41
338,138.0,104
339,11.0,111
340,15.0,116
341,15.0,131
342,113.0,102
343,120.0,309
344,40.0,109
345,82.0,106
346,87.0,93
347,133.0,116
348,140.0,111
349,311.0,24
350,129.0,100
351,131.0,83
352,131.0,23
353,116.0,14
354,120.0,114
355,114.0,119
356,112.0,72
357,128.0,15
358,117.0,114
359,99.0,112
360,106.0,121
361,71.0,112
362,23.0,103
363,23.0,16
364,39.0,106
365,105.0,100
366,99.0,104
367,109.0,103
368,105.0,97
369,46.0,104
370,39.0,103
371,102.0,13
372,109.0,97
373,114.0,101
374,114.0,216
375,129.0,173
376,100.0,217
377,307.0,170
378,107.0,141
379,104.0,185
380,91.0,149
381,114.0,156
382,109.0,155
383,22.0,133
384,98.0,143
385,98.0,135
386,81.0,138
387,21.0,154
388,12.0,136
389,112.0,147
390,117.0,136
391,70.0,104
392,13.0,95
393,112.0,155
394,110.0,44
395,119.0,97
396,119.0,17
397,110.0,22
398,101.0,18
399,14.0,17
400,104.0,14
401,98.0,14
402,102.0,22
403,101.0,18
404,95.0,17
405,102.0,100
406,101.0,14
407,101.0,105
408,11.0,17
409,95.0,30
410,99.0,118
411,214.0,30
412,171.0,21
413,215.0,109
414,168.0,28
415,139.0,106
416,183.0,123
417,147.0,72
418,147.0,63
419,154.0,117
420,153.0,44
421,131.0,70
422,141.0,109
423,133.0,107
424,136.0,20
425,152.0,108
426,134.0,104
427,145.0,54
428,134.0,93
429,134.0,60
430,102.0,91
431,93.0,248
432,153.0,195
433,42.0,57
434,95.0,179
435,15.0,172
436,20.0,151
437,16.0,158
438,15.0,170
439,12.0,158
440,12.0,109
441,12.0,150
442,20.0,153
443,16.0,119
444,15.0,127
445,98.0,149
446,12.0,143
447,103.0,125
448,15.0,127
449,28.0,130
450,116.0,142
451,116.0,14
452,28.0,152
453,19.0,146
454,107.0,138
455,26.0,114
456,104.0,138
457,121.0,127
458,70.0,127
459,61.0,127
460,115.0,144
461,42.0,121
462,42.0,133
463,68.0,139
464,107.0,128
465,105.0,17
466,18.0,137
467,106.0,138
468,102.0,150
469,52.0,150
470,91.0,172
471,58.0,145
472,89.0,160
473,89.0,143
474,246.0,150
475,193.0,152
476,55.0,152
477,177.0,159
478,170.0,152
479,149.0,149
480,156.0,162
481,168.0,180
482,156.0,176
483,107.0,148
484,107.0,15
485,148.0,151
486,151.0,168
487,117.0,234
488,125.0,248
489,147.0,262
490,141.0,158
491,123.0,225
492,125.0,216
493,128.0,208
494,140.0,217
495,140.0,221
496,12.0,218
497,150.0,235
498,144.0,206
499,136.0,196
500,112.0,317
501,136.0,291
502,125.0,80
503,125.0,495
504,125.0,257
505,142.0,153
506,142.0,168
507,119.0,157
508,131.0,139
509,137.0,129
510,126.0,113
511,15.0,109
512,135.0,117
513,136.0,117
514,148.0,112
515,148.0,105
516,170.0,109
517,170.0,115
518,143.0,133
519,158.0,108
520,141.0,122
521,148.0,117
522,150.0,111
523,150.0,111
524,157.0,111
525,150.0,116
526,147.0,108
527,160.0,107
528,160.0,115
529,178.0,108
530,174.0,107
531,146.0,104
532,13.0,103
533,149.0,104
534,166.0,102
535,232.0,107
536,246.0,110
537,260.0,106
538,156.0,110
539,156.0,109
540,223.0,112
541,214.0,106
542,206.0,116
543,215.0,107
544,219.0,106
545,216.0,110
546,233.0,105
547,204.0,121
548,194.0,168
549,315.0,141
550,315.0,123
551,289.0,145
552,78.0,132
553,493.0,121
554,255.0,121
555,151.0,111
556,166.0,111
557,155.0,113
558,137.0,112
559,127.0,110
560,111.0,111
561,111.0,112
562,107.0,112
563,115.0,114
564,115.0,113
565,110.0,146
566,103.0,107
567,107.0,16
568,113.0,141
569,131.0,199
570,106.0,116
571,120.0,117
572,120.0,119
573,115.0,127
574,109.0,114
575,109.0,116
576,109.0,121
577,114.0,162
578,106.0,116
579,105.0,125
580,113.0,114
581,106.0,122
582,105.0,116
583,105.0,125
584,102.0,116
585,101.0,127
586,102.0,116
587,100.0,115
588,105.0,108
589,108.0,121
590,104.0,113
591,108.0,120
592,107.0,109
593,110.0,167
594,110.0,93
595,104.0,283
596,114.0,114
597,105.0,71
598,104.0,128
599,108.0,105
600,103.0,108
601,119.0,108
602,166.0,115
603,139.0,107
604,121.0,112
605,121.0,126
606,143.0,121
607,130.0,118
608,119.0,123
609,119.0,125
610,109.0,127
611,109.0,124
612,111.0,129
613,110.0,121
614,108.0,121
615,109.0,117
616,109.0,115
617,110.0,120
618,110.0,115
619,112.0,120
620,111.0,118
621,144.0,123
622,105.0,121
623,14.0,119
624,139.0,117
625,197.0,112
626,114.0,121
627,114.0,121
628,115.0,124
629,117.0,119
630,125.0,116
631,112.0,118
632,114.0,114
633,119.0,113
634,160.0,124
635,114.0,112
636,123.0,121
637,112.0,109
638,112.0,163
639,120.0,127
640,114.0,135
641,123.0,138
642,114.0,130
643,125.0,148
644,114.0,161
645,113.0,166
646,106.0,145
647,119.0,137
648,111.0,149
649,111.0,178
650,118.0,150
651,107.0,133
652,165.0,123
653,91.0,128
654,281.0,124
655,112.0,133
656,69.0,121
657,126.0,119
658,103.0,127
659,106.0,123
660,106.0,117
661,106.0,125
662,113.0,120
663,105.0,133
664,110.0,127
665,124.0,124
666,119.0,121
667,116.0,119
668,121.0,134
669,123.0,112
670,125.0,112
671,125.0,116
672,122.0,118
673,127.0,118
674,119.0,110
675,119.0,116
676,115.0,121
677,113.0,110
678,118.0,118
679,113.0,107
680,118.0,119
681,116.0,118
682,116.0,115
683,121.0,113
684,119.0,117
685,117.0,120
686,115.0,109
687,110.0,107
688,119.0,115
689,119.0,108
690,122.0,115
691,117.0,107
692,114.0,109
693,114.0,110
694,116.0,109
695,112.0,110
696,111.0,104
697,122.0,118
698,110.0,67
699,119.0,115
700,107.0,12
701,161.0,29
702,125.0,10
703,133.0,47
704,133.0,11
705,136.0,10
706,128.0,12
707,146.0,11
708,159.0,10
709,164.0,18
710,143.0,31
711,135.0,57
712,147.0,13
713,176.0,11
714,148.0,11
715,148.0,30
716,131.0,48
717,121.0,12
718,126.0,10
719,122.0,70
720,131.0,54
721,119.0,157
722,117.0,18
723,125.0,25
724,121.0,26
725,115.0,38
726,115.0,234
727,123.0,25
728,118.0,28
729,131.0,12
730,125.0,31
731,122.0,28
732,119.0,25
733,117.0,42
734,132.0,489
735,110.0,168
736,110.0,162
737,110.0,305
738,114.0,69
739,116.0,32
740,116.0,159
741,108.0,131
742,114.0,13
743,119.0,132
744,108.0,162
745,116.0,116
746,105.0,130
747,117.0,131
748,117.0,120
749,116.0,139
750,113.0,159
751,111.0,455
752,115.0,126
753,118.0,141
754,107.0,126
755,105.0,137
756,113.0,125
757,106.0,123
758,113.0,128
759,113.0,139
760,105.0,139
761,107.0,122
762,108.0,110
763,107.0,102
764,108.0,105
765,102.0,105
766,116.0,110
767,65.0,106
768,113.0,111
769,10.0,111
770,10.0,107
771,27.0,110
772,8.0,116
773,45.0,113
774,9.0,112
775,8.0,13
776,10.0,109
777,9.0,113
778,8.0,115
779,16.0,112
780,29.0,118
781,29.0,121
782,55.0,124
783,11.0,122
784,9.0,124
785,9.0,121
786,28.0,129
787,46.0,194
788,10.0,132
789,8.0,131
790,68.0,134
791,52.0,112
792,52.0,130
793,155.0,112
794,16.0,115
795,23.0,118
796,24.0,92
797,36.0,123
798,232.0,140
799,23.0,132
800,26.0,141
801,10.0,129
802,29.0,150
803,29.0,208
804,26.0,73
805,23.0,129
806,40.0,133
807,487.0,79
808,166.0,153
809,160.0,144
810,303.0,89
811,67.0,154
812,30.0,315
813,157.0,453
814,157.0,484
815,129.0,501
816,11.0,126
817,130.0,106
818,160.0,140
819,114.0,139
820,128.0,206
821,129.0,154
822,118.0,135
823,137.0,125
824,157.0,166
825,157.0,203
826,453.0,134
827,124.0,140
828,139.0,182
829,124.0,132
830,135.0,191
831,123.0,170
832,121.0,200
833,126.0,165
834,137.0,158
835,137.0,162
836,137.0,156
837,120.0,189
838,108.0,201
839,100.0,276
840,103.0,240
841,103.0,259
842,108.0,197
843,104.0,243
844,109.0,338
845,109.0,282
846,105.0,209
847,105.0,501
848,108.0,501
849,114.0,224
850,111.0,501
851,110.0,89
852,11.0,374
853,107.0,409
854,111.0,374
855,113.0,209
856,110.0,230
857,116.0,283
858,116.0,501
859,119.0,127
860,122.0,258
861,120.0,286
862,122.0,164
863,119.0,198
864,127.0,196
865,192.0,35
866,130.0,184
867,129.0,14
868,132.0,193
869,132.0,35
870,110.0,251
871,128.0,202
872,110.0,169
873,113.0,254
874,116.0,501
875,90.0,193
876,121.0,195
877,138.0,194
878,130.0,238
879,139.0,501
880,139.0,312
881,127.0,49
882,148.0,501
883,206.0,195
884,71.0,501
885,127.0,197
886,131.0,501
887,77.0,34
888,151.0,239
889,142.0,460
890,87.0,501
891,87.0,220
892,152.0,501
893,313.0,501
894,451.0,501
895,482.0,163
896,500.0,28
897,124.0,182
898,104.0,501
899,138.0,151
900,137.0,176
901,204.0,200
902,204.0,195
903,152.0,155
904,133.0,216
905,123.0,501
906,164.0,188
907,201.0,501
908,132.0,501
909,138.0,255
910,180.0,501
911,130.0,501
912,189.0,501
913,189.0,501
914,168.0,501
915,198.0,501
916,163.0,377
917,156.0,501
918,160.0,501
919,154.0,242
920,187.0,135
921,199.0,501
922,274.0,14
923,238.0,501
924,238.0,501
925,257.0,410
926,195.0,375
927,241.0,99
928,336.0,32
929,280.0,371
930,207.0,48
931,500.0,30
932,500.0,31
933,222.0,73
934,500.0,40
935,500.0,431
936,87.0,204
937,372.0,219
938,407.0,223
939,372.0,339
940,207.0,403
941,228.0,212
942,281.0,167
943,500.0,172
944,125.0,203
945,256.0,198
946,256.0,269
947,284.0,165
948,162.0,179
949,196.0,217
950,194.0,140
951,33.0,167
952,182.0,168
953,12.0,173
954,191.0,171
955,33.0,170
956,249.0,184
957,249.0,171
958,200.0,159
959,167.0,170
960,252.0,151
961,500.0,144
962,191.0,239
963,193.0,176
964,192.0,160
965,236.0,180
966,500.0,198
967,310.0,200
968,310.0,203
969,47.0,186
970,500.0,270
971,193.0,244
972,500.0,181
973,195.0,328
974,500.0,169
975,32.0,194
976,237.0,134
977,458.0,210
978,500.0,13
979,500.0,254
980,218.0,489
981,500.0,200
982,500.0,204
983,500.0,154
984,161.0,160
985,26.0,200
986,180.0,203
987,500.0,211
988,149.0,200
989,174.0,230
990,174.0,232
991,198.0,235
992,193.0,237
993,153.0,243
994,214.0,276
995,500.0,295
996,186.0,279
997,500.0,312
998,500.0,352
999,253.0,301
1000,500.0,501
1001,500.0,173
1002,500.0,183
1003,500.0,186
1004,500.0,196
1005,500.0,281
1006,500.0,184
1007,375.0,177
1008,500.0,211
1009,500.0,493
1010,240.0,273
1011,133.0,501
1012,133.0,371
1013,500.0,340
1014,12.0,218
1015,500.0,273
1016,500.0,449
1017,408.0,501
1018,373.0,268
1019,97.0,501
1020,30.0,501
1021,369.0,379
1022,46.0,501
1023,46.0,436
1024,28.0,338
1025,29.0,338
1026,71.0,295
1027,38.0,326
1028,429.0,343
1029,202.0,501
1030,217.0,501
1031,221.0,160
1032,337.0,104
1033,401.0,42
1034,401.0,501
1035,210.0,501
1036,165.0,501
1037,170.0,501
1038,201.0,501
1039,196.0,263
1040,267.0,127
1041,163.0,118
1042,177.0,120
1043,215.0,117
1044,138.0,118
1045,138.0,123
1046,165.0,121
1047,166.0,133
1048,171.0,217
1049,169.0,134
1050,168.0,142
1051,182.0,138
1052,169.0,245
1053,157.0,186
1054,168.0,229
1055,149.0,501
1056,149.0,166
1057,142.0,426
1058,237.0,501
1059,174.0,501
1060,158.0,501
1061,178.0,501
1062,196.0,501
1063,198.0,501
1064,201.0,501
1065,184.0,501
1066,268.0,501
1067,268.0,32
1068,242.0,501
1069,179.0,501
1070,326.0,501
1071,167.0,501
1072,192.0,501
1073,132.0,48
1074,208.0,501
1075,11.0,501
1076,252.0,501
1077,487.0,501
1078,487.0,501
1079,198.0,501
1080,202.0,300
1081,152.0,501
1082,158.0,501
1083,198.0,501
1084,201.0,501
1085,209.0,501
1086,198.0,501
1087,228.0,501
1088,230.0,501
1089,230.0,501
1090,233.0,501
1091,235.0,501
1092,241.0,501
1093,274.0,501
1094,293.0,501
1095,277.0,501
1096,310.0,501
1097,350.0,501
1098,299.0,201
1099,500.0,210
1100,500.0,165
1101,171.0,236
1102,181.0,159
1103,184.0,501
1104,194.0,168
1105,279.0,392
1106,182.0,501
1107,175.0,273
1108,209.0,426
1109,491.0,263
1110,271.0,501
1111,271.0,144
1112,500.0,501
1113,369.0,164
1114,338.0,501
1115,216.0,501
1116,271.0,437
1117,447.0,501
1118,500.0,501
1119,266.0,501
1120,500.0,501
1121,500.0,209
1122,500.0,131
1123,377.0,12
1124,500.0,32
1125,434.0,20
1126,336.0,21
1127,336.0,32
1128,293.0,44
1129,324.0,35
1130,341.0,35
1131,500.0,46
1132,500.0,24
1133,500.0,29
1134,158.0,54
1135,102.0,24
1136,40.0,169
1137,500.0,355
1138,500.0,226
1139,500.0,195
1140,500.0,176
1141,500.0,165
1142,261.0,177
1143,125.0,154
1144,125.0,170
1145,116.0,137
1146,118.0,139
1147,115.0,117
1148,116.0,143
1149,121.0,129
1150,119.0,134
1151,131.0,113
1152,215.0,139
1153,132.0,143
1154,140.0,13
1155,140.0,116
1156,136.0,111
1157,243.0,108
1158,184.0,117
1159,227.0,131
1160,500.0,115
1161,164.0,111
1162,424.0,112
1163,500.0,107
1164,500.0,106
1165,500.0,111
1166,500.0,125
1167,500.0,110
1168,500.0,119
1169,500.0,119
1170,500.0,113
1171,500.0,123
1172,500.0,117
1173,30.0,114
1174,500.0,113
1175,500.0,117
1176,500.0,112
1177,500.0,114
1178,500.0,118
1179,500.0,110
1180,46.0,123
1181,500.0,113
1182,500.0,119
1183,500.0,106
1184,500.0,115
1185,500.0,109
1186,500.0,118
1187,298.0,124
1188,298.0,111
1189,500.0,113
1190,500.0,115
1191,500.0,106
1192,500.0,119
1193,500.0,124
1194,500.0,116
1195,500.0,123
1196,500.0,124
1197,500.0,106
1198,500.0,125
1199,500.0,128
1200,500.0,127
1201,500.0,129
1202,500.0,113
1203,500.0,111
1204,500.0,119
1205,500.0,115
1206,500.0,122
1207,199.0,117
1208,208.0,114
1209,163.0,119
1210,163.0,119
1211,234.0,116
1212,157.0,123
1213,500.0,123
1214,166.0,124
1215,390.0,129
1216,500.0,135
1217,271.0,127
1218,424.0,129
1219,261.0,136
1220,500.0,134
1221,500.0,122
1222,142.0,128
1223,500.0,117
1224,162.0,137
1225,500.0,133
1226,500.0,126
1227,435.0,124
1228,500.0,130
1229,500.0,126
1230,500.0,138
1231,500.0,135
1232,500.0,134
1233,207.0,126
1234,129.0,124
1235,10.0,158
1236,30.0,150
1237,18.0,145
1238,19.0,124
1239,30.0,123
1240,42.0,128
1241,33.0,137
1242,33.0,123
1243,33.0,130
1244,44.0,124
1245,22.0,113
1246,27.0,116
1247,52.0,125
1248,22.0,107
1249,167.0,134
1250,353.0,128
1251,224.0,112
1252,193.0,111
1253,174.0,110
1254,174.0,125
1255,163.0,114
1256,175.0,152
1257,152.0,155
1258,168.0,155
1259,135.0,147
1260,137.0,171
1261,115.0,166
1262,141.0,179
1263,127.0,156
1264,132.0,152
1265,132.0,158
1266,111.0,167
1267,137.0,180
1268,141.0,195
1269,11.0,163
1270,114.0,191
1271,109.0,31
1272,106.0,45
1273,115.0,294
1274,129.0,501
1275,113.0,501
1276,113.0,501
1277,109.0,200
1278,110.0,501
1279,105.0,501
1280,104.0,244
1281,109.0,280
1282,123.0,244
1283,108.0,228
1284,117.0,216
1285,117.0,284
1286,111.0,236
1287,111.0,244
1288,121.0,311
1289,115.0,304
1290,112.0,312
1291,111.0,294
1292,115.0,308
1293,110.0,282
1294,112.0,193
1295,116.0,177
1296,108.0,43
1297,121.0,159
1298,121.0,198
1299,111.0,274
1300,117.0,51
1301,104.0,139
1302,113.0,159
1303,107.0,349
1304,116.0,215
1305,122.0,379
1306,109.0,245
1307,111.0,214
1308,113.0,199
1309,113.0,336
1310,104.0,183
1311,117.0,353
1312,122.0,357
1313,114.0,355
1314,121.0,391
1315,122.0,359
1316,104.0,164
1317,123.0,385
1318,126.0,438
1319,125.0,204
1320,125.0,461
1321,127.0,175
1322,111.0,501
1323,109.0,243
1324,117.0,501
1325,113.0,229
1326,120.0,97
1327,115.0,12
1328,112.0,501
1329,117.0,501
1330,117.0,501
1331,117.0,501
1332,114.0,501
1333,121.0,501
1334,121.0,501
1335,122.0,501
1336,127.0,501
1337,133.0,501
1338,125.0,501
1339,127.0,205
1340,134.0,185
1341,132.0,215
1342,132.0,501
1343,120.0,501
1344,126.0,501
1345,115.0,501
1346,135.0,501
1347,131.0,501
1348,124.0,374
1349,122.0,501
1350,128.0,287
1351,124.0,328
1352,136.0,333
1353,136.0,304
1354,133.0,292
1355,132.0,270
1356,124.0,289
1357,122.0,170
1358,156.0,233
1359,148.0,189
1360,143.0,169
1361,122.0,168
1362,121.0,164
1363,126.0,188
1364,126.0,164
1365,135.0,158
1366,121.0,189
1367,128.0,196
1368,122.0,153
1369,111.0,164
1370,114.0,204
1371,123.0,209
1372,105.0,164
1373,132.0,194
1374,126.0,166
1375,126.0,191
1376,110.0,187
1377,109.0,207
1378,108.0,205
1379,123.0,177
1380,112.0,187
1381,150.0,182
1382,153.0,171
1383,153.0,172
1384,145.0,187
1385,169.0,173
1386,169.0,180
1387,164.0,176
1388,177.0,191
1389,154.0,168
1390,150.0,179
1391,156.0,23
1392,165.0,138
1393,178.0,199
1394,193.0,76
1395,161.0,103
1396,189.0,188
1397,189.0,211
1398,29.0,204
1399,43.0,93
1400,292.0,194
1401,500.0,187
1402,500.0,188
1403,500.0,190
1404,198.0,216
1405,500.0,194
1406,500.0,216
1407,242.0,201
1408,242.0,202
1409,278.0,242
1410,242.0,217
1411,226.0,232
1412,214.0,295
1413,282.0,377
1414,234.0,501
1415,242.0,282
1416,309.0,281
1417,302.0,114
1418,310.0,501
1419,310.0,501
1420,292.0,501
1421,306.0,184
1422,280.0,501
1423,191.0,501
1424,175.0,138
1425,41.0,238
1426,157.0,388
1427,196.0,139
1428,272.0,224
1429,49.0,501
1430,49.0,501
1431,137.0,501
1432,157.0,501
1433,347.0,501
1434,213.0,501
1435,377.0,293
1436,243.0,501
1437,212.0,501
1438,197.0,98
1439,334.0,501
1440,181.0,239
1441,181.0,501
1442,351.0,501
1443,355.0,501
1444,353.0,501
1445,389.0,501
1446,357.0,501
1447,162.0,501
1448,383.0,501
1449,436.0,501
1450,202.0,501
1451,459.0,501
1452,459.0,501
1453,173.0,501
1454,500.0,127
1455,241.0,501
1456,500.0,501
1457,227.0,39
1458,95.0,501
1459,10.0,501
1460,500.0,501
1461,500.0,501
1462,500.0,501
1463,500.0,501
1464,500.0,501
1465,500.0,501
1466,500.0,501
1467,500.0,501
1468,500.0,501
1469,500.0,501
1470,500.0,501
1471,500.0,501
1472,203.0,501
1473,183.0,501
1474,183.0,501
1475,213.0,442
1476,500.0,501
1477,500.0,501
1478,500.0,489
1479,500.0,501
1480,500.0,501
1481,500.0,501
1482,372.0,501
1483,500.0,501
1484,285.0,501
1485,285.0,501
1486,326.0,501
1487,331.0,501
1488,302.0,501
1489,290.0,501
1490,268.0,501
1491,287.0,501
1492,168.0,501
1493,231.0,136
1494,187.0,88
1495,167.0,501
1496,167.0,501
1497,166.0,501
1498,162.0,501
1499,186.0,78
1500,162.0,501
1501,156.0,501
1502,187.0,501
1503,194.0,60
1504,151.0,501
1505,162.0,192
1506,202.0,501
1507,202.0,501
1508,207.0,501
1509,162.0,501
1510,192.0,501
1511,164.0,501
1512,189.0,204
1513,185.0,195
1514,205.0,177
1515,203.0,501
1516,175.0,20
1517,185.0,17
1518,185.0,501
1519,180.0,37
1520,169.0,30
1521,170.0,501
1522,185.0,501
1523,171.0,501
1524,178.0,501
1525,174.0,501
1526,189.0,501
1527,166.0,501
1528,177.0,501
1529,177.0,501
1530,21.0,455
1531,136.0,150
1532,197.0,501
1533,74.0,28
1534,101.0,23
1535,186.0,31
1536,209.0,33
1537,202.0,28
1538,91.0,98
1539,192.0,501
1540,192.0,501
1541,185.0,501
1542,186.0,501
1543,188.0,501
1544,214.0,501
1545,192.0,501
1546,214.0,350
1547,199.0,251
1548,200.0,219
1549,240.0,175
1550,215.0,202
1551,215.0,178
1552,230.0,165
1553,293.0,170
1554,375.0,157
1555,500.0,155
1556,280.0,157
1557,279.0,149
1558,112.0,158
1559,500.0,144
1560,500.0,155
1561,500.0,137
1562,500.0,135
1563,182.0,145
1564,500.0,136
1565,500.0,133
1566,136.0,133
1567,236.0,126
1568,386.0,143
1569,137.0,136
1570,222.0,129
1571,500.0,136
1572,500.0,138
1573,500.0,125
1574,500.0,137
1575,500.0,126
1576,500.0,132
1577,500.0,125
1578,291.0,123
1579,500.0,146
1580,500.0,116
1581,96.0,125
1582,500.0,149
1583,237.0,145
1584,237.0,152
1585,500.0,130
1586,500.0,135
1587,500.0,140
1588,500.0,123
1589,500.0,131
1590,500.0,144
1591,500.0,122
1592,500.0,132
1593,500.0,152
1594,500.0,117
1595,500.0,123
1596,500.0,124
1597,500.0,120
1598,500.0,133
1599,125.0,124
1600,500.0,126
1601,500.0,124
1602,37.0,136
1603,500.0,133
1604,500.0,128
1605,500.0,14
1606,500.0,124
1607,500.0,186
1608,500.0,164
1609,500.0,146
1610,500.0,141
1611,500.0,147
1612,500.0,30
1613,500.0,18
1614,500.0,14
1615,500.0,19
1616,500.0,157
1617,500.0,156
1618,500.0,133
1619,500.0,144
1620,500.0,150
1621,500.0,133
1622,440.0,139
1623,500.0,145
1624,500.0,135
1625,487.0,139
1626,500.0,141
1627,500.0,136
1628,500.0,148
1629,500.0,126
1630,500.0,131
1631,500.0,128
1632,500.0,130
1633,500.0,130
1634,500.0,118
1635,500.0,129
1636,500.0,127
1637,500.0,124
1638,500.0,127
1639,500.0,135
1640,500.0,139
1641,500.0,132
1642,134.0,160
1643,86.0,132
1644,500.0,139
1645,500.0,134
1646,500.0,150
1647,500.0,154
1648,76.0,147
1649,500.0,154
1650,500.0,152
1651,500.0,150
1652,500.0,174
1653,58.0,203
1654,500.0,233
1655,190.0,212
1656,500.0,225
1657,500.0,233
1658,500.0,208
1659,500.0,231
1660,500.0,233
1661,500.0,226
1662,500.0,226
1663,202.0,232
1664,193.0,258
1665,175.0,249
1666,500.0,283
1667,18.0,276
1668,15.0,287
1669,500.0,303
1670,35.0,330
1671,28.0,337
1672,28.0,468
1673,500.0,447
1674,500.0,501
1675,500.0,501
1676,500.0,501
1677,500.0,82
1678,500.0,501
1679,500.0,501
1680,500.0,501
1681,500.0,501
1682,453.0,501
1683,453.0,501
1684,148.0,159
1685,499.0,159
1686,26.0,501
1687,21.0,145
1688,29.0,501
1689,31.0,501
1690,26.0,501
1691,96.0,501
1692,500.0,501
1693,500.0,501
1694,500.0,501
1695,500.0,36
1696,500.0,14
1697,500.0,501
1698,500.0,216
1699,500.0,88
1700,348.0,501
1701,249.0,319
1702,217.0,114
1703,173.0,247
1704,200.0,276
1705,200.0,192
1706,176.0,160
1707,163.0,134
1708,168.0,109
1709,155.0,169
1710,153.0,141
1711,155.0,129
1712,147.0,171
1713,156.0,148
1714,142.0,148
1715,153.0,145
1716,153.0,156
1717,135.0,108
1718,133.0,148
1719,143.0,156
1720,134.0,501
1721,131.0,170
1722,131.0,153
1723,124.0,501
1724,141.0,501
1725,134.0,184
1726,127.0,501
1727,127.0,232
1728,134.0,143
1729,136.0,412
1730,123.0,159
1731,135.0,158
1732,124.0,161
1733,130.0,269
1734,123.0,231
1735,121.0,164
1736,144.0,213
1737,114.0,263
1738,114.0,117
1739,123.0,140
1740,147.0,121
1741,143.0,131
1742,150.0,127
1743,128.0,104
1744,133.0,15
1745,138.0,106
1746,121.0,107
1747,129.0,104
1748,142.0,105
1749,142.0,103
1750,120.0,105
1751,130.0,109
1752,150.0,110
1753,115.0,108
1754,121.0,119
1755,122.0,111
1756,118.0,108
1757,131.0,111
1758,122.0,95
1759,124.0,103
1760,124.0,96
1761,122.0,105
1762,134.0,113
1763,131.0,100
1764,126.0,109
1765,12.0,105
1766,122.0,101
1767,184.0,101
1768,162.0,105
1769,144.0,101
1770,139.0,97
1771,139.0,111
1772,145.0,96
1773,28.0,100
1774,16.0,97
1775,12.0,102
1776,17.0,91
1777,155.0,95
1778,154.0,100
1779,131.0,95
1780,142.0,94
1781,148.0,91
1782,148.0,95
1783,131.0,66
1784,137.0,103
1785,143.0,99
1786,133.0,89
1787,137.0,93
1788,139.0,90
1789,134.0,95
1790,146.0,91
1791,124.0,96
1792,129.0,93
1793,129.0,51
1794,126.0,98
1795,128.0,94
1796,128.0,52
1797,116.0,49
1798,127.0,61
1799,125.0,116
1800,122.0,57
1801,125.0,143
1802,133.0,116
1803,137.0,29
1804,137.0,46
1805,130.0,31
1806,158.0,64
1807,130.0,27
1808,137.0,38
1809,132.0,42
1810,148.0,95
1811,152.0,23
1812,145.0,20
1813,152.0,17
1814,150.0,16
1815,150.0,31
1816,148.0,23
1817,172.0,21
1818,201.0,120
1819,231.0,125
1820,210.0,124
1821,223.0,113
1822,231.0,121
1823,206.0,110
1824,229.0,110
1825,231.0,111
1826,231.0,114
1827,224.0,108
1828,224.0,104
1829,230.0,101
1830,256.0,105
1831,247.0,100
1832,281.0,97
1833,274.0,100
1834,285.0,98
1835,301.0,96
1836,328.0,87
1837,328.0,101
1838,335.0,106
1839,466.0,103
1840,445.0,105
1841,500.0,109
1842,500.0,99
1843,500.0,136
1844,80.0,109
1845,500.0,107
1846,500.0,105
1847,500.0,106
1848,500.0,105
1849,500.0,109
1850,500.0,102
1851,500.0,100
1852,157.0,108
1853,157.0,109
1854,500.0,114
1855,143.0,112
1856,500.0,104
1857,500.0,110
1858,500.0,110
1859,500.0,107
1860,500.0,106
1861,500.0,113
1862,500.0,130
1863,500.0,130
1864,34.0,123
1865,12.0,122
1866,500.0,122
1867,214.0,127
1868,86.0,150
1869,500.0,139
1870,500.0,121
1871,317.0,138
1872,112.0,136
1873,245.0,137
1874,274.0,138
1875,190.0,143
1876,158.0,141
1877,132.0,14
1878,107.0,158
1879,167.0,80
1880,139.0,111
1881,139.0,145
1882,127.0,501
1883,169.0,501
1884,146.0,13
1885,146.0,138
1886,143.0,15
1887,154.0,96
1888,106.0,148
1889,146.0,121
1890,154.0,134
1891,500.0,120
1892,500.0,132
1893,168.0,133
1894,151.0,155
1895,500.0,163
1896,500.0,162
1897,182.0,193
1898,500.0,209
1899,230.0,223
1900,141.0,501
1901,410.0,162
1902,157.0,172
1903,157.0,212
1904,156.0,501
1905,159.0,277
1906,267.0,216
1907,229.0,501
1908,162.0,330
1909,211.0,258
1910,261.0,262
1911,115.0,249
1912,138.0,208
1913,119.0,214
1914,119.0,201
1915,129.0,202
1916,125.0,205
1917,102.0,193
1918,13.0,213
1919,104.0,204
1920,105.0,256
1921,102.0,245
1922,103.0,220
1923,101.0,227
1924,103.0,242
1925,103.0,259
1926,107.0,295
1927,108.0,387
1928,106.0,501
1929,117.0,501
1930,109.0,501
1931,106.0,340
1932,109.0,501
1933,93.0,315
1934,101.0,501
1935,94.0,501
1936,94.0,501
1937,103.0,501
1938,111.0,501
1939,98.0,501
1940,107.0,501
1941,103.0,501
1942,99.0,501
1943,99.0,270
1944,103.0,501
1945,99.0,501
1946,95.0,501
1947,95.0,501
1948,109.0,142
1949,94.0,501
1950,98.0,501
1951,95.0,82
1952,100.0,501
1953,89.0,501
1954,93.0,501
1955,98.0,501
1956,93.0,499
1957,92.0,501
1958,92.0,501
1959,89.0,501
1960,93.0,501
1961,64.0,501
1962,101.0,501
1963,97.0,58
1964,87.0,501
1965,91.0,501
1966,88.0,501
1967,93.0,501
1968,89.0,388
1969,89.0,104
1970,94.0,73
1971,91.0,79
1972,49.0,129
1973,96.0,13
1974,92.0,20
1975,50.0,70
1976,47.0,14
1977,59.0,122
1978,114.0,128
1979,55.0,80
1980,55.0,117
1981,141.0,95
1982,114.0,96
1983,27.0,88
1984,44.0,167
1985,29.0,107
1986,62.0,107
1987,25.0,103
1988,36.0,13
1989,40.0,188
1990,93.0,86
1991,93.0,158
1992,21.0,501
1993,18.0,501
1994,15.0,501
1995,14.0,501
1996,29.0,501
1997,21.0,501
1998,19.0,501
1999,118.0,501
2000,123.0,501
